Roll,Storlek_pa_Stad,Location,Platform,Impressions,Clicks,Spend_SEK,CTR_Percent,CPC_SEK,Campaign_Days,Daily_Spend,Meta,LinkedIn,Snapchat,Reddit,TikTok,Company,Campaign_ID,Campaign_Name
Sjuksköterska,Unknown,Unknown,Facebook,353610,8936,17399.06,2.527,1.95,92,189.12,True,False,False,False,False,Karolinska,120211870968020198,Karolinska - Operationssjuksköterska till Barnoperation - Solna - Boost Rörlig - Position ID: (54096) - MOA
Sjuksköterska,Stor stad,Stockholm,Facebook,225799,5755,13999.91,2.549,2.43,76,184.21,True,False,False,False,False,Karolinska,120201327109880198,Karolinska - Anestesisjuksköterska och Operationssjuksköterska - Stockholm - Boost Premium - Position ID: (48819+48820) - AGNES
Sjuksköterska,Stor stad,Stockholm,Facebook,212977,6774,12950.0,3.181,1.91,31,417.74,True,False,False,False,False,Karolinska,120214159723810198,Karolinska - Sjuksköterska till rotationstjänst på Sveriges mest avancerade Angiolab - Stockholm - Boost - Varbi ID: (754090) - AGNES
Sjuksköterska,Unknown,Unknown,Snapchat,204347,3950,12154.82,1.933,3.08,66,184.16,False,False,True,False,False,Karolinska,df7437c5-66ea-4281-9843-248e8ef4b8f2,Karolinska - Operationssjuksköterska till Barnoperation - Solna - Boost Rörlig - Position ID: (54096) - MOA
Konsult,Unknown,Unknown,Facebook,169843,2079,10000.0,1.224,4.81,29,344.83,True,False,False,False,False,Ömangruppen,120201044373770592,Ömangruppen - OVK-Konsult - Kalmar - Boost Plus - Website ID (20230928) - LINNEA
Projektledare,Unknown,Unknown,Facebook,168354,2214,8899.94,1.315,4.02,22,404.54,True,False,False,False,False,Adapteo AB,120218477469960503,Adapteo AB - Projektledare Bygg - Umeå - Social Media Boost - Web ID: () - AGNES [21070245252]
Säljare,Mellanstor stad,Uppsala,Facebook,117332,1970,7279.85,1.679,3.7,52,140.0,True,False,False,False,False,Vita Sales,120212099336290592,Vita Sales - Two-Step Advertising - Step 2/2 - Innesäljare - Uppsala - Position ID (4436465) - SIMON
Controller,Stor stad,Stockholm,Facebook,106489,1990,6551.96,1.869,3.29,29,225.93,True,False,False,False,False,Menigo,120226408020970656,"Menigo - Business Controller, chef för controlling and analytics - Stockholm - Menigo Boost - Position ID: (63459) - ELVIRA [26307744008]"
Sjuksköterska,Unknown,Unknown,Facebook,134357,3970,6000.0,2.955,1.51,29,206.9,True,False,False,False,False,Danderyds Sjukhus,120209395044900675,Danderyds Sjukhus - Kampanj Sjuksköterska - Danderyd - Boost + Snapchat - Varbi ID: (x) - MOA
Säljare,Stor stad,Stockholm,Linkedin,12475,298,5400.0,2.389,18.12,23,234.78,False,True,False,False,False,Menigo,371233193,"Menigo - Two-Step Advertising - Step 2/2 - Utesäljare - Norrköping, Linköping, Stockholm, Göteborg, Malmö - Position ID: (61074) - AGNES [21279911029]"
Säljare,Stor stad,Stockholm,Facebook,108252,4430,5399.92,4.092,1.22,23,234.78,True,False,False,False,False,Menigo,120216327158900656,"Menigo - Two-Step Advertising - Step 2/2 - Utesäljare - Norrköping, Linköping, Stockholm, Göteborg, Malmö - Position ID: (61074) - AGNES [21279911029]"
Chef,Unknown,Unknown,Facebook,75690,2071,5200.0,2.736,2.51,15,346.67,True,False,False,False,False,Karolinska,120201272965150198,Karolinska - Temachef Kvinnohälsa och Hälsoprofessioner - Hela Sverige - Boost + LinkedIn Jobs - Position ID: (48260) - LINNEA
Ingenjör,Stor stad,Stockholm,Facebook,72892,1149,5032.67,1.576,4.38,45,111.84,True,False,False,False,False,MLT Maskin & Laserteknik,120214041521040093,MLT Maskin & Laserteknik - Applikationsingenjörer inom vibrationsmätning - Stockholm/Södertälje - Boost Plus - Position ID (56846) - LINNEA
Tekniker,Stor stad,Göteborg,Facebook,88829,3273,4999.98,3.685,1.53,47,106.38,True,False,False,False,False,TOMRA,120216212141930592,TOMRA - Servicetekniker i region Väst - Göteborg - Boost - Position ID (---) - SIMON
Projektledare,Stor stad,Stockholm,Facebook,110235,3365,4950.0,3.053,1.47,15,330.0,True,False,False,False,False,Croisette (Carl Ek Fastigheter),120213112503580592,Croisette (Carl Ek Fastigheter) - Projektledare med transaktionsansvar - Stockholm - Boost - Teamtailor ID: (4627499) - MOA
Projektledare,Stor stad,Stockholm,Facebook,137443,2270,4800.0,1.652,2.11,57,84.21,True,False,False,False,False,Sigma Industry,120213196784640592,Sigma Industry - Teknisk Projektledare - Stockholm - Rekryteringskampanj - Uptrail ID (47758) - AGNES
Chef,Unknown,Unknown,Facebook,46239,1112,4724.73,2.405,4.25,29,162.92,True,False,False,False,False,Karolinska,120215352186770198,Karolinska - Omvårdnadschef till barnoperation - Solna - Tecknad kampanj - Position ID: (57049) - SIMON
Tekniker,Unknown,Unknown,Facebook,65175,1991,4623.39,3.055,2.32,22,210.15,True,False,False,False,False,AB Svensk Bilprovning,120226756807690778,AB Svensk Bilprovning - Besiktningstekniker - Gällivare - Facebook & Instagram Boost - Position ID: (62790) - SIMON [24968181593]
Tekniker,Stor stad,Stockholm,Facebook,130659,2408,4499.94,1.843,1.87,18,250.0,True,False,False,False,False,Fabege,120208650525660047,Fabege - Fastighetstekniker - Stockholm - Boost - Position ID: (54388) - LINNEA
Servicetekniker,Liten stad,Gävle,Facebook,97561,2692,4474.64,2.759,1.66,15,298.31,True,False,False,False,False,DAB Dental,120212373831770401,DAB Dental - Servicetekniker - Dalarna/Gävleborgs län - Boost - Position ID (55256) - AGNES
Servicetekniker,Stor stad,Göteborg,Facebook,88844,2290,4474.21,2.578,1.95,14,319.59,True,False,False,False,False,DAB Dental,120212373713120401,DAB Dental - Servicetekniker - Göteborg - Facebook & Instagram Boost - Position ID (55255) - LINNEA
Servicetekniker,Stor stad,Stockholm,Facebook,74931,2251,4469.66,3.004,1.99,15,297.98,True,False,False,False,False,DAB Dental,120212830732190401,DAB Dental - Servicetekniker - Stockholm - Facebook & Instagram Boost - Position ID (55658) - SIMON
Chef,Unknown,Unknown,Facebook,89647,1348,4398.56,1.504,3.26,30,146.62,True,False,False,False,False,DEKRA Bilbesiktning,120234960627330602,DEKRA Bilbesiktning - Distriktschef till Fordonsbesiktning region Öst - Nyköping - Boost Auto - Position ID: (63484) - LOUISE [27119990798]
Tekniker,Stor stad,Stockholm,Facebook,109487,3585,4375.0,3.274,1.22,29,150.86,True,False,False,False,False,Motum,120219418543720592,"Motum - Two Step Advertising - Step 2/2 - Hissteknikerskolan - Stockholm, Linköping, Örebro - Position ID (58481) - AGNES"
Tekniker,Stor stad,Stockholm,Snapchat,45992,905,4374.67,1.968,4.83,29,150.85,False,False,True,False,False,Motum,a4580781-46ee-48d6-9506-c0d4e6225de9,"Motum - Two Step Advertising - Step 2/2 - Hissteknikerskolan - Stockholm, Linköping, Örebro - Position ID (58481) - AGNES"
VD,Unknown,Unknown,Snapchat,18574,778,4359.59,4.189,5.6,15,290.64,False,False,True,False,False,Hurtigruta Carglass,277d402a-4d54-4a4f-910b-6d2c37e3ddc9,Hurtigruta Carglass - Bilglassmontør - Avdeling Lysaker - Boost Auto - Position ID: (55283) - AGNES
Konsult,Stor stad,Stockholm,Facebook,76030,2881,4186.0,3.789,1.45,20,209.3,True,False,False,False,False,Frank Penny,120209204993230430,Frank Penny - Two-Step Advertising - Step 2/2 - Managementkonsult - Stockholm - Position ID (53667) - SIMON
Projektledare,Stor stad,Stockholm,Facebook,87717,2850,4094.44,3.249,1.44,64,63.98,True,False,False,False,False,FMJ Solutions AB,120221485340620737,FMJ Solutions AB - Distributionsbudget April - Teknisk Projektledare - Fastighetsautomation & Life Science - Stockholm - EB - Web ID: () - MOA [22067952452]
Tekniker,Unknown,Unknown,Facebook,66321,921,4070.0,1.389,4.42,15,271.33,True,False,False,False,False,Almab (Nylox),120207396412440176,Almab (Nylox) - Automationsingenjör/Tekniker - Ljusdal - Boost + Video - Position ID: (52446) - SIMON
Konsult,Stor stad,Stockholm,Facebook,58266,2515,4046.0,4.316,1.61,28,144.5,True,False,False,False,False,Frank Penny,120211268509080430,Frank Penny - Two-Step Advertising - Step 2/2 - Managementkonsult - Stockholm - Position ID (55019) - LINNEA
Konsult,Stor stad,Stockholm,Linkedin,4913,74,4046.0,1.506,54.68,29,139.52,False,True,False,False,False,Frank Penny,330954853,Frank Penny - Two-Step Advertising - Step 2/2 - Managementkonsult - Stockholm - Position ID (55019) - LINNEA
Tekniker,Unknown,Unknown,Facebook,37815,837,4000.0,2.213,4.78,15,266.67,True,False,False,False,False,Almab (Nylox),120207440589950176,Almab (Nylox) - Automationsingenjör/Tekniker - Video - Ljusdal - Boost + Video - Position ID: (52446) - SIMON
Chef,Liten stad,Sundsvall,Facebook,68176,842,3999.99,1.235,4.75,15,266.67,True,False,False,False,False,DEKRA Industrial,120202347288820602,DEKRA Industrial - SEKTIONSCHEF till avdelningen oförstörande provning - Sundsvall - Boost Auto - Position ID: (48869) - AGNES
Chef,Mellanstor stad,Uppsala,Facebook,63030,514,3999.97,0.815,7.78,17,235.29,True,False,False,False,False,Uppsala kommun,120203580570440592,Uppsala kommun - Verksamhetschefer Hemtjänsten - Uppsala - Förkampanj - Position ID: (-) - AGNES
Tekniker,Stor stad,Stockholm,Facebook,110310,2338,3999.35,2.119,1.71,25,159.97,True,False,False,False,False,Fabege,120214100995350047,Fabege - Fastighetstekniker - Stockholm - Boost - Position ID: (57984) - SIMON
Tekniker,Stor stad,Stockholm,Facebook,98743,1157,3900.0,1.172,3.37,29,134.48,True,False,False,False,False,Triclima,120212557446380115,Triclima - Vi söker Certifierade rörmontörer och servicetekniker - Stockholm - Boost + Blocket Jobb - Position ID (55192) - SIMON
Tekniker,Stor stad,Stockholm,Facebook,55677,1143,3899.74,2.053,3.41,29,134.47,True,False,False,False,False,Triclima,120211825422800115,Triclima - Vi söker både Rörmontörer och Servicetekniker - Stockholm - Boost + Blocket Jobb - Position ID (55192) - LINNEA
Säljare,Unknown,Unknown,Facebook,110249,5775,3870.0,5.238,0.67,29,133.45,True,False,False,False,False,1Komma5,120213156198130592,1Komma5 - Säljare - Nationell - Boost - Teamtailor ID: (x) - SIMON
Säljare,Stor stad,Stockholm,Facebook,65601,1692,3870.0,2.579,2.29,15,258.0,True,False,False,False,False,Valio Sverige AB,120209393294850592,Valio Sverige AB - Fältsäljare - Stockholm - Facebook & Instagram Boost - Position ID: (52332) - MOA
Servicetekniker,Unknown,Unknown,Facebook,69543,981,3869.86,1.411,3.94,15,257.99,True,False,False,False,False,Nevo Maskin,120211934643030049,Nevo Maskin - Servicetekniker - Luleå - Facebook & Instagram Boost - Position ID (54851) - SIMON
Chef,Unknown,Unknown,Linkedin,4793,51,3854.0,1.064,75.57,22,175.18,False,True,False,False,False,Menigo,358372603,"Menigo - Platschef EKO Fisk - Partihandlarvägen, Årsta, Sweden - Menigo Boost - Position ID: (58634) - SIMON [19498123032]"
Mekaniker,Unknown,Unknown,Facebook,58160,739,3830.0,1.271,5.18,15,255.33,True,False,False,False,False,Vianor,120200118861510721,Vianor - Vianor söker bilmekaniker till Eskilstuna - Eskilstuna - Boost - Position ID: (48714) - SIMON
Chef,Unknown,Unknown,Facebook,90709,2183,3830.0,2.407,1.75,15,255.33,True,False,False,False,False,Vianor,23861392481770720,Vianor - Vianor söker platschef till Osby - Osby - Boost - Position ID: (48086) - MOA
Chef,Unknown,Unknown,Facebook,65355,2318,3830.0,3.547,1.65,15,255.33,True,False,False,False,False,Vianor,120200150649810721,Vianor - Platschef - Färjestaden - Boost - Position ID: (48733) - LINNEA
Mekaniker,Stor stad,Malmö,Facebook,58376,876,3830.0,1.501,4.37,15,255.33,True,False,False,False,False,Vianor,120201795861910721,Vianor - Vianor söker Bilmekaniker - Malmö - Boost Auto - Position ID (49667) - LINNEA
Chef,Unknown,Unknown,Facebook,70769,2317,3829.99,3.274,1.65,15,255.33,True,False,False,False,False,Vianor,120200120532410721,Vianor - Vianor söker platschef till Vara - Vara - Boost - Position ID: (48525) - SIMON
Ingenjör,Stor stad,Stockholm,Linkedin,3135,26,3780.0,0.829,145.38,29,130.34,False,True,False,False,False,MLT Maskin & Laserteknik,346548383,MLT Maskin & Laserteknik - Applikationsingenjörer inom vibrationsmätning - Stockholm/Södertälje - Boost Plus - Position ID (56846) - LINNEA
Projektledare,Unknown,Unknown,Linkedin,3398,33,3733.01,0.971,113.12,15,248.87,False,True,False,False,False,True HR (Sakofall),375166293,True HR (Sakofall) - Two-Step Advertising - Step 2/2 - Projektledare - Dalarna (Ludvika) - Web ID: () - SIMON [21421422947]
Projektledare,Unknown,Unknown,Facebook,83234,1322,3730.39,1.588,2.82,16,233.15,True,False,False,False,False,True HR (Sakofall),120219168056880503,True HR (Sakofall) - Two-Step Advertising - Step 2/2 - Projektledare - Dalarna (Ludvika) - Web ID: (61367) - SIMON [21421422947]
Servicetekniker,Stor stad,Malmö,Facebook,67155,1466,3709.54,2.183,2.53,15,247.3,True,False,False,False,False,DAB Dental AB,120227908061210401,DAB Dental AB - Servicetekniker - Malmö - Facebook & Instagram Boost - Position ID: (62929) - LEAH [25248285100]
Chef,Stor stad,Stockholm,Facebook,72124,1664,3649.47,2.307,2.19,15,243.3,True,False,False,False,False,Vianor,120211148000530721,Vianor - Vianor Sverige söker chef för produkter och säljsstöd - Stockholm - Boost Auto Utökad - Position ID: (54719) - SIMON
Controller,Stor stad,Stockholm,Facebook,62130,1147,3636.0,1.846,3.17,22,165.27,True,False,False,False,False,TOMRA,120212211507840592,TOMRA - Financial Controller - Stockholm - Boost Plus - Position ID (53470) - SIMON
Projektledare,Stor stad,Stockholm,Facebook,50530,2182,3625.98,4.318,1.66,29,125.03,True,False,False,False,False,Skandinaviska Områdesskydd,120202765715340592,Skandinaviska Områdesskydd - Two-Step Advertising - Step 2/2 - Projektledare - Stockholm - Position ID: (48927) - AGNES
Sjuksköterska,Stor stad,Göteborg,Facebook,104202,5182,3601.79,4.973,0.7,21,171.51,True,False,False,False,False,Göteborgs Stad Äldrevårdsomsorgsförvaltningen,120217381470330508,Göteborgs Stad Äldrevårdsomsorgsförvaltningen - Sjuksköterska till sydvästra Göteborg - Göteborg - Boost - Web ID: () - AGNES [20688277361]
Servicetekniker,Stor stad,Stockholm,Facebook,52502,1143,3600.0,2.177,3.15,15,240.0,True,False,False,False,False,TOMRA,120212210810830592,TOMRA - Servicetekniker - Stockholm - Boost - Position ID (53469) - SIMON
Säljare,Stor stad,Stockholm,Linkedin,7510,100,3600.0,1.332,36.0,23,156.52,False,True,False,False,False,Menigo,371281573,"Menigo - Two-Step Advertising - Step 1/2 - Utesäljare - Norrköping, Linköping, Stockholm, Göteborg, Malmö - Position ID: (61074) - AGNES [21279911029]"
Servicetekniker,Stor stad,Malmö,Facebook,60833,1279,3600.0,2.102,2.81,15,240.0,True,False,False,False,False,TOMRA,120212210086410592,TOMRA - Servicetekniker - Malmö - Boost - Position ID (53467) - SIMON
Chef,Unknown,Unknown,Facebook,72349,2828,3599.99,3.909,1.27,30,120.0,True,False,False,False,False,Coop,120205951649010756,Coop - SAP Chef till Coop Sverige - Framtidens varuförsörjning! - Solna - IT Boost - Uptrail ID (33078) - SIMON
Chef,Unknown,Unknown,Facebook,91377,3868,3599.99,4.233,0.93,15,240.0,True,False,False,False,False,Coop Gotland,23858346908020755,Coop Gotland - Försäljningschef - Gotland - Boost Premium - Position ID (47515) - MOA
Säljare,Stor stad,Stockholm,Facebook,56364,2301,3599.28,4.082,1.56,23,156.49,True,False,False,False,False,Menigo,120216215703640656,"Menigo - Two-Step Advertising - Step 1/2 - Utesäljare - Norrköping, Linköping, Stockholm, Göteborg, Malmö - Position ID: (61074) - AGNES [21279911029]"
Tekniker,Unknown,Unknown,Facebook,56220,787,3563.33,1.4,4.53,15,237.56,True,False,False,False,False,Carglass,120211825706210026,Carglass - Bilglastekniker till Carglass® Skövde - Skövde - Boost Auto - Position ID: (55151) - EDVIN
Tekniker,Unknown,Unknown,Facebook,51120,828,3561.65,1.62,4.3,15,237.44,True,False,False,False,False,Carglass,120211829524390026,Carglass - Bilglastekniker till Carglass® - Oskarshamn - Boost Auto - Position ID: (55158) - EDVIN
Tekniker,Unknown,Unknown,Facebook,68999,944,3560.02,1.368,3.77,14,254.29,True,False,False,False,False,Carglass,120202163476010026,Carglass - Bilglastekniker till Carglass® Kalmar - Kalmar - Boost Auto - Position ID: (49482) - AGNES
Tekniker,Mellanstor stad,Norrköping,Facebook,56445,809,3560.0,1.433,4.4,15,237.33,True,False,False,False,False,Carglass,120206810879090026,Carglass - Bilglastekniker till Carglass® Norrköping - Norrköping - Boost Auto - Position ID (51745) - MOA
Tekniker,Stor stad,Malmö,Facebook,90665,1202,3560.0,1.326,2.96,15,237.33,True,False,False,False,False,Carglass,23858786714530025,Carglass - Bilglastekniker till Carglass® Malmö - Malmö - Boost Auto - Position ID: (47343) - MOA
Tekniker,Unknown,Unknown,Facebook,53574,625,3560.0,1.167,5.7,15,237.33,True,False,False,False,False,Carglass,120204657715400026,Carglass - Bilglastekniker till Carglass® Täby - Täby - Boost Auto - Position ID: (50346) - LINNEA
Tekniker,Mellanstor stad,Helsingborg,Facebook,50721,735,3560.0,1.449,4.84,15,237.33,True,False,False,False,False,Carglass,120200983519130026,Carglass - Bilglastekniker till Carglass® Helsingborg - Helsingborg - Boost Auto - Position ID: (48597) - SIMON
Tekniker,Stor stad,Stockholm,Facebook,38073,481,3560.0,1.263,7.4,15,237.33,True,False,False,False,False,Carglass,120206853245310026,Carglass - Bilglastekniker till Carglass® Stockholm City - Stockholm - Boost Auto - Position ID (51750) - SIMON
Tekniker,Unknown,Unknown,Facebook,63241,924,3560.0,1.461,3.85,15,237.33,True,False,False,False,False,Carglass,120201027856600026,Carglass - Bilglastekniker till Carglass® Hässleholm - Hässleholm - Boost Auto - Position ID: (48614) - AGNES
Tekniker,Unknown,Unknown,Facebook,75389,1004,3560.0,1.332,3.55,15,237.33,True,False,False,False,False,Carglass,23858713817470025,Carglass - Bilglastekniker till Carglass® Hässleholm - Hässleholm - Boost Auto - Position ID: (47277) - SIMON
Tekniker,Stor stad,Stockholm,Facebook,71004,1093,3560.0,1.539,3.26,15,237.33,True,False,False,False,False,Carglass,23858703703500025,Carglass - Bilglastekniker till Carglass® till södra Stockholm - Stockholm - Boost Auto - Position ID: (47249) - AGNES
Tekniker,Unknown,Unknown,Facebook,52718,684,3560.0,1.297,5.2,15,237.33,True,False,False,False,False,Carglass,120210072275430026,Carglass - Bilglastekniker till Carglass® Kalmar - Kalmar - Boost Auto - Position ID (53569) - AGNES
Tekniker,Unknown,Unknown,Facebook,68796,861,3560.0,1.252,4.13,15,237.33,True,False,False,False,False,Carglass,23859388844870025,Carglass - Bilglastekniker till Carglass® Karlskrona - Karlskrona - Boost Auto - Position ID: (47620) - SIMON
Tekniker,Unknown,Unknown,Facebook,57206,647,3560.0,1.131,5.5,15,237.33,True,False,False,False,False,Carglass,120206903495360026,Carglass - Bilglastekniker till Carglass® Halmstad - Halmstad - Boost Auto - Position ID (51792) - MOA
Tekniker,Mellanstor stad,Helsingborg,Facebook,74195,1053,3560.0,1.419,3.38,15,237.33,True,False,False,False,False,Carglass,120211334046860026,Carglass - Bilglastekniker till Carglass® Helsingborg - Helsingborg - Boost - Position ID (54662) - LEAH
Servicetekniker,Mellanstor stad,Helsingborg,Facebook,55555,1815,3560.0,3.267,1.96,15,237.33,True,False,False,False,False,Weishaupt,120202911279560592,Weishaupt - Servicetekniker - Helsingborg - Boost - Position ID: (49081) - MOA
Tekniker,Liten stad,Sundsvall,Facebook,92311,1169,3560.0,1.266,3.05,15,237.33,True,False,False,False,False,Carglass,120204477766330026,Carglass - Bilglastekniker till Carglass® Sundsvall - Sundsvall - Boost Auto - Position ID: (50204) - AGNES
Tekniker,Stor stad,Stockholm,Facebook,67053,835,3560.0,1.245,4.26,15,237.33,True,False,False,False,False,Carglass,120211355850250026,Carglass - Bilglastekniker till Carglass® Hammarby - Stockholm - Boost Auto - Position ID (54679) - SIMON
IT-specialist,Stor stad,Stockholm,Facebook,79907,2509,3560.0,3.14,1.42,14,254.29,True,False,False,False,False,Home of Recruitment (PTS),120204261643860179,Home of Recruitment (PTS) - HR-partner/HR-specialist till PTS - Stockholm - Boost - Teamtailor ID (3582682) - MOA
Tekniker,Unknown,Unknown,Facebook,31962,456,3560.0,1.427,7.81,15,237.33,True,False,False,False,False,Carglass,120201582691510026,Carglass - Bilglastekniker till Carglass® Kista - Kista - Boost Auto - Position ID: (49087) - LINNEA
Tekniker,Unknown,Unknown,Facebook,59054,994,3560.0,1.683,3.58,15,237.33,True,False,False,False,False,Carglass,120200587044220026,Carglass - Bilglastekniker till Carglass® Falun - Falun - Boost Auto - Position ID: (48338) - MOA
Tekniker,Unknown,Unknown,Facebook,40867,586,3560.0,1.434,6.08,15,237.33,True,False,False,False,False,Carglass,120201372537940026,Carglass - Bilglastekniker till Carglass® Arlanda - Arlanda - Boost Auto - Position ID: (48831) - MOA
Tekniker,Mellanstor stad,Norrköping,Facebook,66834,950,3560.0,1.421,3.75,15,237.33,True,False,False,False,False,Carglass,23859386613420025,Carglass - Bilglastekniker till Carglass® Norrköping - Norrköping - Boost Auto - Position ID: (47619) - LINNEA
Tekniker,Unknown,Unknown,Facebook,69290,745,3560.0,1.075,4.78,15,237.33,True,False,False,False,False,Carglass,120200136413290026,Carglass - Bilglastekniker till Carglass® Kungsbacka - Kungsbacka - Boost Auto - Position ID: (46512) - AGNES
Tekniker,Mellanstor stad,Helsingborg,Facebook,64458,997,3560.0,1.547,3.57,15,237.33,True,False,False,False,False,Carglass,120206071281240026,Carglass - Bilglastekniker till Carglass® Helsingborg - Helsingborg - Boost Auto - Position ID (51228) - AGNES
Tekniker,Mellanstor stad,Uppsala,Facebook,53574,863,3560.0,1.611,4.13,15,237.33,True,False,False,False,False,Carglass,120201082676890026,Carglass - Bilglastekniker till Carglass® Uppsala - Uppsala - Boost Auto - Position ID: (48650) - AGNES
Tekniker,Unknown,Unknown,Facebook,64738,914,3560.0,1.412,3.89,15,237.33,True,False,False,False,False,Carglass,120204694775950026,Carglass - Bilglastekniker till Carglass® Varberg - Varberg - Boost Auto - Position ID: (50388) - AGNES
Tekniker,Stor stad,Göteborg,Facebook,83494,1046,3560.0,1.253,3.4,15,237.33,True,False,False,False,False,Carglass,23858835595920025,Carglass - Bilglastekniker till Carglass® Göteborg - Göteborg - Boost Auto - Position ID: (47347) - MOA
Säljare,Stor stad,Stockholm,Facebook,36560,1041,3560.0,2.847,3.42,15,237.33,True,False,False,False,False,Carglass,120202039644580026,Carglass - Winback-säljare till Carglass® - Stockholm - Boost Auto - Position ID: (49306) - AGNES
Tekniker,Unknown,Unknown,Facebook,37577,367,3560.0,0.977,9.7,15,237.33,True,False,False,False,False,Carglass,120206850430960026,Carglass - Bilglastekniker till Carglass® Danderyd - Danderyd - Boost Auto - Position ID (51749) - AGNES
Tekniker,Stor stad,Stockholm,Facebook,60377,672,3560.0,1.113,5.3,15,237.33,True,False,False,False,False,Carglass,120207725006240026,Carglass - Bilglastekniker till Carglass® Stockholm - Stockholm - Boost Auto - Position ID (52301) - MOA
Tekniker,Unknown,Unknown,Facebook,78981,1113,3560.0,1.409,3.2,15,237.33,True,False,False,False,False,Carglass,23861385116650025,Carglass - Bilglastekniker till Carglass® Kalmar - Kalmar - Boost Auto - Position ID: (47765) - MOA
Tekniker,Stor stad,Stockholm,Facebook,59450,801,3560.0,1.347,4.44,15,237.33,True,False,False,False,False,Carglass,120211356249430026,Carglass - Bilglastekniker till Carglass® Stockholm City - Stockholm - Boost Auto - Position ID (54681) - SIMON
Tekniker,Stor stad,Stockholm,Facebook,69193,1070,3560.0,1.546,3.33,15,237.33,True,False,False,False,False,Carglass,23858706267170025,Carglass - Bilglastekniker till Carglass® norra Stockholm - Stockholm - Boost Auto - Position ID: (47250) - AGNES
Tekniker,Unknown,Unknown,Facebook,54424,686,3559.99,1.26,5.19,15,237.33,True,False,False,False,False,Carglass,120202182689190026,Carglass - Bilglastekniker till Carglass® Karlskrona - Karlskrona - Boost Auto - Position ID: (49511) - MOA
Tekniker,Stor stad,Malmö,Facebook,72759,903,3559.99,1.241,3.94,15,237.33,True,False,False,False,False,Carglass,120204531808210026,Carglass - Bilglastekniker till Carglass® Malmö - Malmö - Boost Auto - Position ID: (50232) - AGNES
Tekniker,Unknown,Unknown,Facebook,89472,1320,3559.99,1.475,2.7,15,237.33,True,False,False,False,False,Carglass,120204476704160026,Carglass - Bilglastekniker till Carglass® Lund - Lund - Boost Auto - Position ID: (50187) - MOA
Tekniker,Stor stad,Stockholm,Facebook,39002,380,3559.99,0.974,9.37,15,237.33,True,False,False,False,False,Carglass,120206855663650026,Carglass - Bilglastekniker till Carglass® Skärholmen - Stockholm - Boost Auto - Position ID (51756) - SIMON
Tekniker,Unknown,Unknown,Facebook,62312,719,3559.99,1.154,4.95,15,237.33,True,False,False,False,False,Carglass,120211355952540026,Carglass - Bilglastekniker till Carglass® Vällingby - Vällingby - Boost Auto - Position ID (54680) - SIMON
Tekniker,Mellanstor stad,Norrköping,Facebook,53796,728,3559.99,1.353,4.89,15,237.33,True,False,False,False,False,Carglass,120209958320910026,Carglass - Bilglastekniker till Carglass® Norrköping - Norrköping - Boost Auto - Position ID (53460) - LINNEA
Tekniker,Unknown,Unknown,Facebook,82148,1324,3559.99,1.612,2.69,15,237.33,True,False,False,False,False,Carglass,23858788771030025,Carglass - Bilglastekniker till Carglass® Lund - Lund - Boost Auto - Position ID: (47346) - MOA
Tekniker,Stor stad,Malmö,Facebook,50994,800,3559.98,1.569,4.45,15,237.33,True,False,False,False,False,Carglass,120201394592670026,Carglass - Bilglastekniker till Carglass® Malmö - Malmö - Boost Auto - Position ID: (47343) - AGNES
Tekniker,Unknown,Unknown,Facebook,71114,877,3559.97,1.233,4.06,15,237.33,True,False,False,False,False,Carglass,120204694937530026,Carglass - Bilglastekniker till Carglass® Skövde/Falköping - Skövde/Falköping - Boost Auto - Position ID: (50387) - SIMON
Tekniker,Stor stad,Göteborg,Facebook,59037,1185,3559.97,2.007,3.0,15,237.33,True,False,False,False,False,Carglass,120205814208970026,Carglass - Bilglastekniker till Carglass® Göteborg - Göteborg - Boost Auto - Position ID (51102) - MOA
Tekniker,Unknown,Unknown,Facebook,41057,652,3559.97,1.588,5.46,15,237.33,True,False,False,False,False,Carglass,120201489846260026,Carglass - Bilglastekniker till Carglass® Nacka - Nacka - Boost Auto - Position ID: (49001) - MOA
Tekniker,Unknown,Unknown,Facebook,42651,547,3559.96,1.283,6.51,15,237.33,True,False,False,False,False,Carglass,120206481385840026,Carglass - Bilglastekniker till Carglass® Skarpnäck - Skarpnäck - Boost Auto - Position ID (51524) - MOA
Tekniker,Unknown,Unknown,Facebook,66529,946,3559.96,1.422,3.76,15,237.33,True,False,False,False,False,Carglass,23859349977560025,Carglass - Bilglastekniker till Carglass® Ystad - Ystad - Boost Auto - Position ID: (47576) - LINNEA
Tekniker,Unknown,Unknown,Facebook,60814,684,3559.96,1.125,5.2,15,237.33,True,False,False,False,False,Carglass,120203425961050026,Carglass - Bilglastekniker till Carglass® Umeå - Umeå - Boost Auto - Position ID: (49880) - AGNES
Tekniker,Stor stad,Stockholm,Facebook,54719,769,3559.96,1.405,4.63,13,273.84,True,False,False,False,False,Carglass,120211660450850026,Carglass - Bilglastekniker till Carglass® Stockholm Arninge - Stockholm - Boost Auto - Position ID (54971) - LINNEA
Tekniker,Unknown,Unknown,Facebook,52413,580,3559.95,1.107,6.14,15,237.33,True,False,False,False,False,Carglass,120206432514480026,Carglass - Bilglastekniker till Carglass® Kungsängen - Kungsängen - Boost Auto - Position ID (51492) - AGNES
Tekniker,Unknown,Unknown,Facebook,58822,1024,3559.93,1.741,3.48,15,237.33,True,False,False,False,False,Carglass,120210047836170026,Carglass - Bilglastekniker till Carglass® Lund - Lund - Boost Auto - Position ID (53522) - AGNES
Tekniker,Unknown,Unknown,Facebook,61639,831,3559.92,1.348,4.28,15,237.33,True,False,False,False,False,Carglass,120210109824000026,Carglass - Bilglastekniker till Carglass® Strängnäs - Strängnäs - Boost Auto - Position ID (53605) - MOA
Tekniker,Unknown,Unknown,Facebook,49170,1027,3559.88,2.089,3.47,15,237.33,True,False,False,False,False,Carglass,120212314916080026,Carglass - Bilglastekniker till Carglass® Lerum - Lerum - Boost Auto - Position ID (55610) - SIMON
Tekniker,Mellanstor stad,Jönköping,Facebook,72031,1055,3559.84,1.465,3.37,15,237.32,True,False,False,False,False,Carglass,120204635404360026,Carglass - Bilglastekniker till Carglass® Jönköping - Jönköping - Boost Auto - Position ID: (50330) - LINNEA
Tekniker,Stor stad,Göteborg,Facebook,50723,954,3559.77,1.881,3.73,15,237.32,True,False,False,False,False,Carglass,120212309809730026,Carglass - Bilglastekniker till Carglass® Göteborg - Göteborg - Boost Auto - Position ID (55609) - LINNEA
Tekniker,Mellanstor stad,Linköping,Facebook,51940,869,3559.62,1.673,4.1,15,237.31,True,False,False,False,False,Carglass,120202499672440026,Carglass - Bilglastekniker till Carglass® Linköping - Linköping - Boost Auto - Position ID: (49590) - SIMON
Logistikkoordinator,Stor stad,Malmö,Facebook,68162,4837,3559.32,7.096,0.74,15,237.29,True,False,False,False,False,Linneahusen,120214599686020592,Linneahusen - Koordinator - Malmö - Boost - Position ID: (55320) - LINNEA
Tekniker,Mellanstor stad,Uppsala,Facebook,61129,1277,3559.3,2.089,2.79,15,237.29,True,False,False,False,False,Carglass,120212087448290026,Carglass - Bilglastekniker till Carglass® - Uppsala - Boost Auto - Position ID: (55430) - LINNEA
Tekniker,Unknown,Unknown,Facebook,70783,1007,3559.17,1.423,3.53,15,237.28,True,False,False,False,False,Carglass,120211356651920026,Carglass - Bilglastekniker till Carglass® Piteå - Piteå - Boost Auto - Position ID (54696) - SIMON
Tekniker,Unknown,Unknown,Facebook,47129,522,3559.03,1.108,6.82,14,254.22,True,False,False,False,False,Carglass,120202222181990026,Carglass - Bilglastekniker till Carglass® Skellefteå - Skellefteå - Boost Auto - Position ID: (49561) - AGNES
Tekniker,Stor stad,Malmö,Facebook,65495,1068,3558.87,1.631,3.33,15,237.26,True,False,False,False,False,Carglass,120211603778280026,Carglass - Bilglastekniker till Carglass® Malmö Frihamnen - Malmö - Boost Auto - Position ID (54897) - LINNEA
Tekniker,Unknown,Unknown,Facebook,50513,818,3558.8,1.619,4.35,15,237.25,True,False,False,False,False,Carglass,120212316274840026,Carglass - Bilglastekniker till Carglass® Kungsbacka - Kungsbacka - Boost Auto - Position ID (55611) - SIMON
Tekniker,Mellanstor stad,Norrköping,Facebook,55710,962,3557.66,1.727,3.7,15,237.18,True,False,False,False,False,Carglass,120212257861130026,Carglass - Bilglastekniker till Carglass® Norrköping - Norrköping - Boost Auto - Position ID (55563) - AGNES
Tekniker,Unknown,Unknown,Facebook,73843,1470,3556.26,1.991,2.42,15,237.08,True,False,False,False,False,Carglass,120211941107000026,Carglass - Bilglastekniker till Carglass® Falun - Falun - Boost Auto - Position ID: (55240) - AGNES
Tekniker,Unknown,Unknown,Facebook,56105,833,3539.4,1.485,4.25,15,235.96,True,False,False,False,False,Carglass,120210452339290026,Carglass - Bilglastekniker till Carglass® Haparanda - Haparanda - Boost Auto - Position ID (54044) - AGNES
Tekniker,Unknown,Unknown,Facebook,71033,1108,3510.0,1.56,3.17,31,113.23,True,False,False,False,False,Upplands Väsby Kommun,23859767312660634,Upplands Väsby Kommun - Two-Step Advertising - Step 2/2 - Senior nätverkstekniker - Upplands Väsby - Position ID (663428) - MOA
Konsult,Stor stad,Stockholm,Facebook,51136,1882,3501.42,3.68,1.86,28,125.05,True,False,False,False,False,421,120210946902930430,421 - Two-Step Advertising - Step 2/2 - Managementkonsult till 421 - Stockholm - Boost - Position ID (54812) - SIMON
Chef,Unknown,Unknown,Facebook,67610,1208,3500.0,1.787,2.9,27,129.63,True,False,False,False,False,Vianor,120207060230820721,Vianor - Platschef till Vianor i Falun - Falun - Boost Auto - Position ID: (52283) - SIMON
Konsult,Stor stad,Stockholm,Linkedin,2599,30,3500.0,1.154,116.67,25,140.0,False,True,False,False,False,421,353589066,421 - Two-Step Advertising - Step 2/2 - Junior Managementkonsult till 421 - Stockholm - Boost - Position ID (56867) - SIMON
Konsult,Stor stad,Stockholm,Linkedin,2328,32,3500.0,1.375,109.38,27,129.63,False,True,False,False,False,421,326232724,421 - Two-Step Advertising - Step 2/2 - Managementkonsult till 421 - Stockholm - Boost - Position ID (54812) - SIMON
Konsult,Stor stad,Stockholm,Facebook,50060,1941,3499.97,3.877,1.8,29,120.69,True,False,False,False,False,421,120212750563720430,421 - Two-Step Advertising - Step 2/2 - Junior Managementkonsult till 421 - Stockholm - Boost - Position ID (56867) - SIMON
Chef,Stor stad,Stockholm,Facebook,53243,1158,3479.97,2.175,3.01,13,267.69,True,False,False,False,False,Vianor,120207830160650721,"Vianor - Försäljningschef - Rosersberg, Stockholm - Vianor & Nokian Tyres Boost - Position ID: (52785) - LINNEA"
Tekniker,Liten stad,Gävle,Facebook,75588,941,3409.1,1.245,3.62,14,243.51,True,False,False,False,False,Carglass,23858598346380025,Carglass - Bilglastekniker till Carglass® Gävle - Gävle - Boost Auto - Position ID: (46917) - LINNEA
Konsult,Unknown,Unknown,Facebook,58283,2227,3400.0,3.821,1.53,15,226.67,True,False,False,False,False,Väg & Miljö,120208778680160442,Väg & Miljö - Senior Naturvårdskonsult - Hybrid (HQ Karlstad) - Boost Plus - Position ID (53251) - LINNEA
Projektledare,Unknown,Unknown,Facebook,62565,2760,3375.0,4.411,1.22,14,241.07,True,False,False,False,False,Rusta,120216065924450007,Rusta - Projektledare Rusta PMO - Upplands Väsby - System - Boost Auto - Position ID (56875) - LINNEA
Chef,Unknown,Unknown,Facebook,95480,2897,3372.97,3.034,1.16,15,224.86,True,False,False,False,False,P&E Fastigheter,120213435067560592,P&E Fastigheter - Fastighetschef - Kalmar - Boost Plus - Position ID (54415) - LINNEA
Chef,Stor stad,Stockholm,Facebook,62293,2513,3360.0,4.034,1.34,15,224.0,True,False,False,False,False,Stockholms Sjukhem,120200543727480459,Stockholms Sjukhem - Vårdchef Geriatrik - Kungsholmen - Standard Boost - Position ID: (1369) - SIMON
Controller,Stor stad,Stockholm,Facebook,62583,1570,3359.91,2.509,2.14,16,209.99,True,False,False,False,False,Stockholms Sjukhem,23858961813450458,Stockholms Sjukhem - Verksamhetsnära Business Controller till Stockholms Sjukhem - Kungsholmen - Standard Boost - Position ID: (1358) - LINNEA
Servicetekniker,Stor stad,Stockholm,Facebook,72871,2427,3336.76,3.331,1.37,23,145.08,True,False,False,False,False,Weishaupt,120216413253340503,"Weishaupt - Servicetekniker - Stockholm, Sverige - Facebook & Instagram Boost - Position ID: (55140) - AGNES [19752410476]"
Projektledare,Stor stad,Stockholm,Facebook,38123,806,3325.0,2.114,4.13,15,221.67,True,False,False,False,False,Triclima,120207274322380115,Triclima - Erfaren projektledare - Stockholm - Boost - Position ID (52221) - MOA
Tekniker,Stor stad,Stockholm,Facebook,59176,1222,3299.88,2.065,2.7,15,219.99,True,False,False,False,False,We Scale (Svensk Värme),120206520076630592,We Scale (Svensk Värme) - Ledande servicetekniker - Stockholm - Boost -  Position ID (50647) - MOA
Controller,Stor stad,Stockholm,Linkedin,4385,177,3278.0,4.036,18.52,15,218.53,False,True,False,False,False,Menigo,412608313,"Menigo - Business Controller, chef för controlling and analytics - Stockholm - Menigo Boost - Position ID: (63459) - ELVIRA [26307744008]"
VD,Unknown,Unknown,Snapchat,19762,373,3200.0,1.887,8.58,20,160.0,False,False,True,False,False,Hurtigruta Carglass,e2ba442d-3a85-4ade-bdba-5c7a2a8bb2f8,Hurtigruta Carglass - Bilglasstekniker til vår avdeling Alnabru - Alnabru - Boost Auto - Position ID: (56840) - EDVIN
Chef,Mellanstor stad,Uppsala,Facebook,94960,2348,3200.0,2.473,1.36,20,160.0,True,False,False,False,False,Uppsala kommun,120203368699110592,Uppsala kommun - Verksamhetschefer Hemtjänsten - Uppsala - Boost Plus - Position ID: (49974) - AGNES
Chef,Mellanstor stad,Linköping,Facebook,62526,1282,3199.98,2.05,2.5,22,145.45,True,False,False,False,False,Syntema,120207160463660234,Syntema - Platschef - Linköping - Boost Plus Video - Position ID (51910) - LINNEA
Servicetekniker,Unknown,Unknown,Facebook,53272,1739,3199.94,3.264,1.84,30,106.66,True,False,False,False,False,Fagon AB,120202517870020592,Fagon AB - Servicetekniker - Eslöv - Boost Plus - Position ID (49078) - MOA
Konsult,Unknown,Unknown,Facebook,34331,415,3179.82,1.209,7.66,15,211.99,True,False,False,False,False,Wincore,120201896891980731,Wincore - Senior datacenterkonsult - Kungsbacka - Boost Plus - Position ID (49390) - SIMON
Tekniker,Unknown,Unknown,Facebook,44734,508,3160.0,1.136,6.22,13,243.08,True,False,False,False,False,Carglass,120204721307640026,Carglass - Bilglastekniker till Carglass® Kista - Kista - Boost Auto - Position ID: (50453) - AGNES
Tekniker,Unknown,Unknown,Facebook,64047,1265,3160.0,1.975,2.5,15,210.67,True,False,False,False,False,Carglass,120204887425850026,Carglass - Bilglastekniker till Carglass® Karlstad - Karlstad - Boost Auto - Position ID: (50553) - AGNES
Tekniker,Unknown,Unknown,Facebook,64939,1307,3160.0,2.013,2.42,15,210.67,True,False,False,False,False,Carglass,120204723538750026,Carglass - Bilglastekniker till Carglass® Uddevalla - Uddevalla - Boost Auto - Position ID: (50460) - AGNES
Ingenjör,Stor stad,Stockholm,Facebook,94096,1206,3158.0,1.282,2.62,15,210.53,True,False,False,False,False,PTS,120209249220950592,PTS - Ingenjör inom spektrumförädling - Stockholm - Boost - Job ID: (470) - AGNES
Ingenjör,Stor stad,Stockholm,Facebook,95385,1429,3158.0,1.498,2.21,15,210.53,True,False,False,False,False,PTS,120208667484840592,PTS - Ingenjör - Stockholm - Boost - Job ID: (473) - AGNES
Ingenjör,Stor stad,Stockholm,Facebook,87852,1309,3157.96,1.49,2.41,15,210.53,True,False,False,False,False,PTS,120211591535480592,PTS - Ingenjör inom spektrumförädling - Stockholm - Boost - Job ID: (498) - LINNEA
Ekonom,Stor stad,Stockholm,Facebook,59454,1284,3157.88,2.16,2.46,14,225.56,True,False,False,False,False,PTS,120212292384300592,PTS - Ekonom till enheten för tillsyn och tvistlösning - Stockholm - Boost - Job ID: (505) - MOA
Tekniker,Stor stad,Stockholm,Facebook,46422,700,3149.96,1.508,4.5,29,108.62,True,False,False,False,False,Office Network,120206699159670055,Office Network - IT- och telefonitekniker - Stockholm - Säljar Boost - Position ID (33216) - MOA
Säljare,Stor stad,Stockholm,Facebook,48380,864,3149.48,1.786,3.65,20,157.47,True,False,False,False,False,Office Network,120219021177220055,Office Network - Säljare - Stockholm - Office Network Säljar Boost - Position ID: (59056) - SIMON [22212775436]
Sjuksköterska,Unknown,Unknown,Facebook,68264,2022,3132.69,2.962,1.55,26,120.49,True,False,False,False,False,Karolinska,23857883908130197,Karolinska - Anestesisjuksköterska till Barnanestesin - Solna - Boost Premium - Position ID: (46804) - MOA
Säljare,Mellanstor stad,Uppsala,Facebook,51255,858,3119.9,1.674,3.64,30,104.0,True,False,False,False,False,Vita Sales,120212085970510592,Vita Sales - Two-Step Advertising - Step 1/2 - Innesäljare - Uppsala - Position ID (4436465) - SIMON
VD,Mellanstor stad,Uppsala,Linkedin,1531,20,3119.0,1.306,155.95,15,207.93,False,True,False,False,False,Uppsala kommun,352103613,Uppsala kommun - Avdelningschef för nya avdelningen öppna och tidiga insatser - Uppsala - Boost Plus - Position ID (XXXXX) - LINNEA
Redovisningsekonom,Mellanstor stad,Västerås,Linkedin,2244,23,3111.91,1.025,135.3,21,148.19,False,True,False,False,False,Menigo,412448083,Menigo - Redovisningsekonom - Västerås - Menigo Boost - Position ID: (63693) - MIA [27481393673]
Fastighetsförvaltare,Stor stad,Stockholm,Facebook,56720,1262,3095.0,2.225,2.45,15,206.33,True,False,False,False,False,SBC,120200096393440728,SBC - Senior fastighetsförvaltare - Stockholm - Boost Plus - Position ID (48179) - AGNES
Fastighetsförvaltare,Stor stad,Göteborg,Facebook,60557,1721,3095.0,2.842,1.8,15,206.33,True,False,False,False,False,SBC,23862085735750727,SBC - Fastighetsförvaltare - Göteborg - Boost Plus - Position ID (47921) -  MOA
Ekonom,Stor stad,Göteborg,Facebook,40198,725,3095.0,1.804,4.27,14,221.07,True,False,False,False,False,SBC,120200573431300728,SBC - Ekonomisk Förvaltare - Göteborg - Boost Plus - Position ID (48415) - LINNEA
Ingenjör,Unknown,Unknown,Facebook,46754,666,3079.98,1.424,4.62,19,162.1,True,False,False,False,False,SMP Svensk Maskinprovning AB,23862013274620316,SMP Svensk Maskinprovning AB - Certifieringsingenjör - Umeå - Boost Plus - Position ID: (48598) - MOA
Tekniker,Unknown,Unknown,Facebook,88468,2254,3044.99,2.548,1.35,29,105.0,True,False,False,False,False,Vallentuna Kommun,120206553250450592,Vallentuna Kommun - Two-Step Advertising - Step 2/2 - IT Systemtekniker - Vallentuna - Position ID (4686) - LINNEA
Mekaniker,Unknown,Unknown,Facebook,51257,657,3000.0,1.282,4.57,15,200.0,True,False,False,False,False,Vianor,120205426893670721,Vianor - Bilmekaniker - Borlänge - Boost Auto - Position ID (51319) - AGNES
Servicetekniker,Unknown,Unknown,Tiktok,138644,1375,3000.0,0.992,2.18,16,187.5,False,False,False,False,True,Fagon AB,1782714229525601,Fagon AB - Servicetekniker - Eslöv - Boost Plus - Position ID (49078) - MOA
Tekniker,Unknown,Unknown,Facebook,51919,1156,3000.0,2.227,2.6,22,136.36,True,False,False,False,False,Humlegården,120205742199500766,Humlegården - Fastighetstekniker - Solna strand - Boost - Position ID (51527) - MOA
Chef,Liten stad,Sundsvall,Linkedin,811,20,3000.0,2.466,150.0,15,200.0,False,True,False,False,False,Securitas,328436344,Securitas - Driftchef till Securitas - Sundsvall - LinkedIn Boost - Position ID (55666) - LINNEA
Sjuksköterska,Stor stad,Göteborg,Facebook,66323,3829,3000.0,5.773,0.78,15,200.0,True,False,False,False,False,Göteborgs Stad,23861582513810507,Göteborgs Stad - Sjuksköterska till kommunal hälso- och sjukvård inriktning funktionsstöd - Göteborg - Boost - Website ID: (4E5F8CDDA594) - MOA
Chef,Stor stad,Malmö,Facebook,65994,1147,3000.0,1.738,2.62,22,136.36,True,False,False,False,False,We Construction,120213148598890592,We Construction - Two Step Advertising - Step 2/2 - Platschef till Malmö - Malmö - Position ID (54102) - MOA
Servicetekniker,Unknown,Unknown,Facebook,42081,658,3000.0,1.564,4.56,22,136.36,True,False,False,False,False,Humlegården,120205742503040766,Humlegården - Servicetekniker till Humlegården - Solna strand - Boost - Position ID (51445) - LINNEA
Chef,Unknown,Unknown,Facebook,53024,2184,2999.99,4.119,1.37,21,142.86,True,False,False,False,False,Menigo,120203539181290656,Menigo - Chef Verksamhetsutveckling - Sverige - Menigo Boost - Position ID (51011) - AGNES
Fastighetsförvaltare,Unknown,Unknown,Facebook,69074,2664,2999.96,3.857,1.13,29,103.45,True,False,False,False,False,Rikshem,120213492521740554,Rikshem - Fastighetsförvaltare - Kalmar - Boost Rikshem - Position ID: (57217) - AGNES
Chef,Stor stad,Malmö,Facebook,38695,782,2999.93,2.021,3.84,15,200.0,True,False,False,False,False,We Construction,120213148240560592,We Construction - Two Step Advertising - Step 1/2 - Platschef till Malmö - Malmö - Position ID (54102) - MOA
Konsult,Unknown,Unknown,Facebook,56670,864,2999.86,1.525,3.47,14,214.28,True,False,False,False,False,Advania,120217309142090461,Advania - Windows Server Konsult - Umeå  - Boost (Facebook & Instagram) - Uptrail ID: (105203) - SIMON [21567879446]
Konsult,Stor stad,Stockholm,Facebook,26921,521,2999.76,1.935,5.76,15,199.98,True,False,False,False,False,Pure Consulting Group,120200821484570451,Pure Consulting Group - Konsult javautvecklare - Stockholm - IT Boost - Position ID (48298) - MOA
HR-specialist,Stor stad,Göteborg,Linkedin,4007,78,2992.0,1.947,38.36,32,93.5,False,True,False,False,False,Skatteverket,397080894,"Skatteverket - HR-specialist inom arbetsrätt - Göteborg, Malmö eller Sundbyberg - Boost Plus - Web ID: () - AGNES [25878359119]"
HR-specialist,Stor stad,Göteborg,Facebook,89231,3906,2991.5,4.377,0.77,32,93.48,True,False,False,False,False,Skatteverket,120233788391290397,"Skatteverket - HR-specialist inom arbetsrätt - Göteborg, Malmö eller Sundbyberg - Boost Plus - Web ID: () - AGNES [25878359119]"
Säljare,Stor stad,Stockholm,Facebook,33037,1361,2990.0,4.12,2.2,15,199.33,True,False,False,False,False,Borga Group,120200608805480732,Borga Group - Säljare - Stockholm - Boost Plus - Position ID (48125) - MOA
Chef,Unknown,Unknown,Facebook,78731,2235,2985.0,2.839,1.34,15,199.0,True,False,False,False,False,Presis Vägdrift,120210493924180592,Presis Vägdrift - Platschef - Järna - Boost Plus - Position ID (52766) - AGNES
Ingenjör,Unknown,Unknown,Facebook,89991,1910,2980.0,2.122,1.56,15,198.67,True,False,False,False,False,SMP Svensk Maskinprovning AB,120203668389490317,"SMP Svensk Maskinprovning AB - Besiktningsingenjör - Karlskrona, Sverige - Boost Plus - Position ID: (50852) - LINNEA"
HR-specialist,Stor stad,Stockholm,Facebook,86811,2808,2980.0,3.235,1.06,15,198.67,True,False,False,False,False,Dramaten,120213155671160592,Dramaten - HR-specialist - Stockholm - Boost Plus - Website ID: (1197) - LINNEA
Projektledare,Unknown,Unknown,Facebook,84343,932,2979.99,1.105,3.2,15,198.67,True,False,False,False,False,Elajo,120213387126510592,Elajo - Teknisk Projektledare - Växjö - Boost Plus - Teamtailor ID: (4562968) - AGNES
Redovisningsekonom,Mellanstor stad,Västerås,Facebook,57471,1351,2975.97,2.351,2.2,28,106.28,True,False,False,False,False,Menigo,120227901045810656,Menigo - Redovisningsekonom - Västerås - Menigo Boost - Position ID: (63693) - MIA [27481393673]
Projektledare,Stor stad,Stockholm,Facebook,66772,1956,2974.97,2.929,1.52,20,148.75,True,False,False,False,False,Trafikförvaltningen,120215570121190675,Trafikförvaltningen - Projektledare tunnelbana - Stockholm - Boost Auto - Uptrail ID: (98953) - EDVIN
Tekniker,Stor stad,Stockholm,Facebook,56731,1429,2930.0,2.519,2.05,21,139.52,True,False,False,False,False,Fabege,120202131553480047,Fabege - Two-Step Advertising - Step 2/2 - Fastighetstekniker - Stockholm - Position ID (50351) - MOA
Chef,Stor stad,Stockholm,Facebook,42183,1512,2930.0,3.584,1.94,21,139.52,True,False,False,False,False,Fabege,23861063450270046,Fabege - Two-Step Advertising - Step 2/2 - Driftchef - Stockholm - Position ID (48438) - MOA
Chef,Stor stad,Stockholm,Facebook,59488,1237,2930.0,2.079,2.37,20,146.5,True,False,False,False,False,Fabege,23860129423810046,Fabege - Two-Step Advertising - Step 2/2 - Projektchef Anläggning - Stockholm - Position ID (47883) - MOA
Säljare,Unknown,Unknown,Facebook,78643,2697,2916.0,3.429,1.08,20,145.8,True,False,False,False,False,Teknos Group,120229381607170503,Teknos Group - Teknisk Säljare - Remote - Boost Meta + LI Jobs - Web ID: () - SIMON [25971405604]
Chef,Unknown,Unknown,Facebook,56694,1266,2853.9,2.233,2.25,22,129.72,True,False,False,False,False,Menigo,120213488976430656,"Menigo - Platschef EKO Fisk - Partihandlarvägen, Årsta, Sweden - Menigo Boost - Position ID: (58634) - SIMON [19498123032]"
Säljare,Stor stad,Stockholm,Facebook,37398,1027,2850.0,2.746,2.78,29,98.28,True,False,False,False,False,Office Network,120204255551830055,Office Network - Säljare - Stockholm - Säljar Boost - Position ID (26757) - LINNEA
Säljare,Stor stad,Stockholm,Tiktok,214678,1217,2849.19,0.567,2.34,15,189.95,False,False,False,False,True,1KOMMA5°,1829365139910689,"1KOMMA5° - Säljare - Göteborg, Malmö, Stockholm - Snap, Tiktok, Indeed - Web ID: () - AGNES [22095061605]"
Butikschef,Unknown,Unknown,Facebook,36530,688,2826.0,1.883,4.11,15,188.4,True,False,False,False,False,Office Depot,120200944265940406,Office Depot - Butikschef till Office Depot i Täby - Täby - Boost - Position ID (47303) - MOA
Butikschef,Stor stad,Stockholm,Facebook,55970,1059,2826.0,1.892,2.67,15,188.4,True,False,False,False,False,Office Depot,23859095014380405,Office Depot - Butikschef till Office Depot i Täby - Stockholm - Boost - Position ID (47303) - AGNES
Säljare,Stor stad,Stockholm,Facebook,39693,1503,2826.0,3.787,1.88,15,188.4,True,False,False,False,False,Office Depot,120200616637010406,Office Depot - Butikssäljare till Office Depot i centrala Stockholm - Stockholm - Boost - Position ID (48618) - AGNES
Säljare,Unknown,Unknown,Facebook,51208,2118,2825.99,4.136,1.33,15,188.4,True,False,False,False,False,Office Depot,120200757134460406,Office Depot - Butikssäljare till Office Depot i Karlstad - Karlstad - Boost - Position ID (48652) - SIMON
Mekaniker,Unknown,Unknown,Facebook,53465,568,2811.23,1.062,4.95,15,187.42,True,False,False,False,False,Vianor,120205429724650721,"Vianor - Bilmekaniker - Strängnäs, Sverige - Boost Auto - Position ID (51322) - LINNEA"
Projektledare,Stor stad,Stockholm,Facebook,52503,890,2800.0,1.695,3.15,12,233.33,True,False,False,False,False,Trafikförvaltningen,120207971970630675,Trafikförvaltningen - Projektledare ILS Tunnelbana - Stockholm - Utökad Auto - Uptrail ID: (39380) - AGNES
Systemutvecklare,Stor stad,Stockholm,Facebook,58812,1118,2800.0,1.901,2.5,15,186.67,True,False,False,False,False,Aspire,120206733291990458,Aspire - Utvecklare - Stockholm/Linköping - Boost - Website ID (3145488) - LINNEA
Sjuksköterska,Unknown,Unknown,Facebook,50651,689,2800.0,1.36,4.06,15,186.67,True,False,False,False,False,Karolinska,120200428159770198,"Karolinska - Sjuksköterska till Högspecialiserad Barnmedicin, Huddinge - Huddinge - Boost + LinkedIn Jobs - Position ID: (48341) - SIMON"
Sjuksköterska,Stor stad,Stockholm,Facebook,47394,1417,2800.0,2.99,1.98,15,186.67,True,False,False,False,False,Karolinska,120200259365440198,"Karolinska - Sjuksköterska, rotationstjänst akut kirurgi och medicin! - Stockholm - Boost + LinkedIn Jobs - Position ID: (48221) - AGNES"
Konsult,Stor stad,Stockholm,Facebook,69220,1287,2800.0,1.859,2.18,28,100.0,True,False,False,False,False,Sigma Industry,120215206744030592,Sigma Industry - Konsultchef inom Mjukvaru- och Systemutveckling - Stockholm - Rekryteringskampanj - Uptrail ID (XXXX) - LINNEA
Projektledare,Unknown,Unknown,Linkedin,2223,17,2799.64,0.765,164.68,15,186.64,False,True,False,False,False,True HR (Sakofall),375147223,"True HR (Sakofall) - Two-Step Advertising - Step 1/2 - Affärsutvecklare, Förvaltare, Projektledare - Dalarna (Ludvika) - Web ID: () - SIMON [21421422947]"
Projektledare,Unknown,Unknown,Facebook,54516,974,2799.41,1.787,2.87,15,186.63,True,False,False,False,False,True HR (Sakofall),120219307327700503,"True HR (Sakofall) - Two-Step Advertising - Step 1/2 - Affärsutvecklare, Förvaltare, Projektledare - Dalarna (Ludvika) - Web ID: () - SIMON [21421422947]"
Tekniker,Unknown,Unknown,Snapchat,39329,832,2782.0,2.115,3.34,29,95.93,False,False,True,False,False,Ravema,3d6bcd60-93a1-4db2-8f56-76ae54801a03,Ravema - Applikationstekniker - Värnamo med omnejd - Boost - Position ID (57372) - LINNEA
Tekniker,Unknown,Unknown,Facebook,68085,1554,2781.89,2.282,1.79,29,95.93,True,False,False,False,False,Ravema,120214654051760380,Ravema - Applikationstekniker - Värnamo med omnejd - Boost - Position ID (57372) - LINNEA
VD,Stor stad,Göteborg,Facebook,42292,649,2780.0,1.535,4.28,15,185.33,True,False,False,False,False,Moberg Bil,120206750838460788,Moberg Bil - Reservdelsansvarig sökes till Moberg Bil - Göteborg - Boost Plus - Position ID: (52251) - MOA
Konsult,Stor stad,Stockholm,Facebook,57662,1321,2780.0,2.291,2.1,15,185.33,True,False,False,False,False,Behaviour Design Group,120208031867920592,Behaviour Design Group - Arbetsmiljökonsult - Stockholm - Boost Plus - Position ID (51543) - LINNEA
Projektledare,Stor stad,Stockholm,Facebook,48451,703,2780.0,1.451,3.95,15,185.33,True,False,False,False,False,Fasadgruppen,120208572974510592,Fasadgruppen - Engagerad Projektledare inom bygg och fasad - Stockholm - Boost Plus - Position ID: (51873) - MOA
Tekniker,Stor stad,Stockholm,Facebook,52673,1176,2780.0,2.233,2.36,15,185.33,True,False,False,False,False,Kartverkstan,120206660375920358,Kartverkstan - Junior Mätningstekniker - Stockholm - Boost Plus - Position ID (52799) - LINNEA
Säljare,Stor stad,Stockholm,Facebook,77137,1186,2780.0,1.538,2.34,15,185.33,True,False,False,False,False,IHM,120204904652280592,IHM - Säljare - Stockholm - Boost Plus - Website ID (49038) - LINNEA
Ekonom,Unknown,Unknown,Facebook,65087,1010,2764.95,1.552,2.74,15,184.33,True,False,False,False,False,SRV återvinning AB,120216677644450503,SRV återvinning AB -  Ekonomichef - Huddinge - Boost Auto - Uptrail ID: (99634) - EDVIN [20070220149]
Säljare,Unknown,Unknown,Facebook,58830,884,2763.83,1.503,3.13,15,184.26,True,False,False,False,False,Maxkompetens,120222664870500685,Maxkompetens - Säljare med erfarenhet inom väg-och anläggning till Wirtgen Group - Växjö - Bas (Facebook & Instagram) - Web ID: () - SIMON [23933420398]
Ekonom,Stor stad,Stockholm,Facebook,47802,2852,2763.0,5.966,0.97,14,197.36,True,False,False,False,False,PTS,120215858619340592,PTS - Ekonom - Stockholm - Boost - Job ID: (530) - SIMON
Ekonom,Stor stad,Stockholm,Facebook,46965,2676,2762.93,5.698,1.03,15,184.2,True,False,False,False,False,PTS,120220548152000503,PTS - Ekonom till PTS - Stockholm - Boost - Web ID: () - MOA [22089548104]
Ingenjör,Stor stad,Stockholm,Facebook,76532,2415,2762.9,3.156,1.14,15,184.19,True,False,False,False,False,PTS,120216441461530503,PTS - Ingenjör - Stockholm - Boost - Job ID: (561) - SIMON
Ingenjör,Stor stad,Stockholm,Facebook,65242,1519,2762.77,2.328,1.82,15,184.18,True,False,False,False,False,PTS,120217834726220503,PTS - Ingenjör - Stockholm - Boost - Web ID: () - AGNES [20763676687]
Tekniker,Unknown,Unknown,Facebook,41778,763,2730.0,1.826,3.58,24,113.75,True,False,False,False,False,ISG Nordic,120200429503010278,ISG Nordic - Two-Step Advertising - Step 2/2 - Systemtekniker - Västernorrland - Position ID (47284) - MOA
Tekniker,Unknown,Unknown,Snapchat,19038,377,2725.0,1.98,7.23,15,181.67,False,False,True,False,False,Hurtigruta Carglass,7d39aed0-62e5-4a3d-832b-0b67d181f12f,Hurtigruta Carglass - Bilglasstekniker - Kristiansund - Boost Auto - Position ID: (56809) - EDVIN
Tekniker,Unknown,Unknown,Snapchat,17966,349,2725.0,1.943,7.81,14,194.64,False,False,True,False,False,Hurtigruta Carglass,ba758dba-8a14-4fb5-8f05-a084b8fe2b1b,Hurtigruta Carglass - Bilglasstekniker - Sandefjord - Boost Auto - Position ID: (57123) - AGNES
Tekniker,Stor stad,Malmö,Facebook,31588,739,2724.99,2.339,3.69,15,181.67,True,False,False,False,False,Carglass,120213611156240026,Carglass - Bilglastekniker till Carglass® Malmö - Malmö - Boost Auto - Position ID: (56811) - EDVIN
Tekniker,Unknown,Unknown,Facebook,39956,1234,2724.89,3.088,2.21,15,181.66,True,False,False,False,False,Carglass,120213610568580026,Carglass - Bilglastekniker - Ystad - Boost Auto - Position ID: (56810) - EDVIN
Tekniker,Unknown,Unknown,Facebook,43539,938,2724.71,2.154,2.9,15,181.65,True,False,False,False,False,Carglass,120212611221790026,Carglass - Bilglastekniker till Carglass® Uddevalla - Uddevalla - Boost Auto - Position ID: (55882) - AGNES
Tekniker,Unknown,Unknown,Snapchat,15330,286,2724.63,1.866,9.53,15,181.64,False,False,True,False,False,Hurtigruta Carglass,2176bf0e-67a1-4a78-b5f9-2fa98a170645,Hurtigruta Carglass - Bilglassteknikere - Moss - Boost Auto - Position ID: (57293) - EDVIN
Tekniker,Unknown,Unknown,Facebook,28940,602,2724.43,2.08,4.53,15,181.63,True,False,False,False,False,Carglass,120213526749140026,Carglass - Bilglastekniker till Carglass® Luleå - Luleå - Boost Auto - Position ID: (56701) - EDVIN
Tekniker,Unknown,Unknown,Facebook,31907,679,2724.08,2.128,4.01,15,181.61,True,False,False,False,False,Carglass,120213611271360026,Carglass - Bilglastekniker till Carglass® Landskrona - Landskrona - Boost Auto - Position ID: (56812) - EDVIN
VD,Unknown,Unknown,Facebook,47527,759,2700.0,1.597,3.56,14,192.86,True,False,False,False,False,Rusta,120207588454400007,Rusta - Systemkoordinator och funktionsspecialist till vår globala försäljningsavdelning - Upplands Väsby - Boost Auto Utökad - Position ID (51692) - SIMON
Säljare,Stor stad,Stockholm,Facebook,50386,1998,2700.0,3.965,1.35,31,87.1,True,False,False,False,False,RCD Bil,120204927123750089,RCD Bil - Säljare/Anläggningschef - Stockholm - Boost Plus - Position ID (51007) - MOA
Controller,Unknown,Unknown,Facebook,77284,2205,2700.0,2.853,1.22,15,180.0,True,False,False,False,False,Rusta,120213356495310007,Rusta - Business Controller - Upplands Väsby - Boost Auto Utökad - Position ID (54855) - AGNES
Chef,Unknown,Unknown,Facebook,54081,1312,2700.0,2.426,2.06,15,180.0,True,False,False,False,False,Rusta,120209148618000007,Rusta - Produktchef Klipp och Leksaker - Upplands Väsby - Boost Auto Utökad - Position ID (52451) - MOA
Controller,Unknown,Unknown,Linkedin,4063,99,2700.0,2.437,27.27,15,180.0,False,True,False,False,False,Rusta,324637663,Rusta - Business Controller - Upplands Väsby - Boost Auto Utökad - Position ID (54855) - AGNES
Tekniker,Stor stad,Göteborg,Facebook,59451,1260,2700.0,2.119,2.14,15,180.0,True,False,False,False,False,TOMRA,120213168562200592,TOMRA - Servicetekniker i region Väst - Göteborg - Boost - Position ID (54130) - MOA
VD,Unknown,Unknown,Facebook,39202,1309,2700.0,3.339,2.06,15,180.0,True,False,False,False,False,Cabonline,120206711649610558,Cabonline - Medarbetare till Planeringsavdelningen - Huvudsta - Facebook & Instagram Boost  - Position ID (51291) - MOA
Controller,Unknown,Unknown,Facebook,47404,1074,2699.99,2.266,2.51,15,180.0,True,False,False,False,False,Rusta,120201130117980007,Rusta - Business Controller - Upplands Väsby - Boost Auto - Position ID (48522) - SIMON
Controller,Unknown,Unknown,Facebook,64363,1671,2699.97,2.596,1.62,15,180.0,True,False,False,False,False,Rusta,120210046333290007,Rusta - Business Controller - Upplands Väsby - Boost Auto Utökad - Position ID (271255) - SIMON
Tekniker,Mellanstor stad,Linköping,Linkedin,2513,22,2685.0,0.875,122.05,22,122.05,False,True,False,False,False,P&E Fastigheter,330035483,P&E Fastigheter - Fastighetstekniker - Linköping - Boost Plus - Position ID (55282) - AGNES
Tekniker,Mellanstor stad,Linköping,Facebook,61676,1956,2684.96,3.171,1.37,22,122.04,True,False,False,False,False,P&E Fastigheter,120214791089300592,P&E Fastigheter - Fastighetstekniker - Linköping - Boost Plus - Position ID (55282) - AGNES
Tekniker,Unknown,Unknown,Facebook,78747,999,2682.01,1.269,2.68,11,243.82,True,False,False,False,False,Carglass,23858425418570025,Carglass - Bilglastekniker till Carglass® Avesta - Avesta - Boost Auto - Position ID: (47152) - MOA
Butikschef,Unknown,Unknown,Facebook,86742,4025,2676.46,4.64,0.66,15,178.43,True,False,False,False,False,Lindex,120211593601790606,Lindex - Butikschef till Lindex - Skövde - Boost - Website ID: (3390529) - LINNEA
Butikschef,Unknown,Unknown,Facebook,54025,1508,2676.0,2.791,1.77,15,178.4,True,False,False,False,False,Office Depot,120205180412010406,Office Depot - Butikschef till Office Depot i Stenungsund - Stenungsund - Boost - Position ID (51038) - MOA
Arbetsterapeut,Stor stad,Stockholm,Facebook,42539,1022,2670.0,2.403,2.61,15,178.0,True,False,False,False,False,Stockholms Sjukhem,120202208427980459,Stockholms Sjukhem - Arbetsterapeut till nytt äldreboende i Bromma - Bromma - Standard Boost - Position ID: (1390) - SIMON
Tekniker,Mellanstor stad,Helsingborg,Facebook,64779,1705,2670.0,2.632,1.57,15,178.0,True,False,False,False,False,Bilprovningen,120210522743850778,"Bilprovningen - Besiktningstekniker - Berga, Helsingborg - Boost - Position ID (53694) - LINNEA"
Tekniker,Stor stad,Göteborg,Facebook,48663,648,2670.0,1.332,4.12,15,178.0,True,False,False,False,False,Atlas Copco Industrial,120208215527440289,Atlas Copco Industrial - Projekttekniker - Göteborg - Facebook & Instagram Boost - Position ID: (53168) - SIMON
Servicetekniker,Unknown,Unknown,Facebook,68799,1730,2670.0,2.515,1.54,15,178.0,True,False,False,False,False,Atlas Copco Compressor & Power Technique,23858764239050288,Atlas Copco Compressor & Power Technique - Servicetekniker till Atlas Copco Compressor - Skåne - Facebook & Instagram Boost - Position ID: (47735) - LINNEA
Säljare,Stor stad,Stockholm,Facebook,53760,2635,2670.0,4.901,1.01,15,178.0,True,False,False,False,False,Kronfågel,120208658278600498,Kronfågel - Säljare – Distrikt Stockholm - Stockholm - Boost - Position ID: (53206) - LINNEA
Butikschef,Unknown,Unknown,Facebook,84487,3387,2670.0,4.009,0.79,15,178.0,True,False,False,False,False,Lindex,120202876607680606,Lindex - Butikschef till Lindex - Borlänge - Boost - Website ID: (3270857) - AGNES
Sjuksköterska,Stor stad,Stockholm,Facebook,51181,986,2670.0,1.926,2.71,15,178.0,True,False,False,False,False,Stockholms Sjukhem,120206655924980459,Stockholms Sjukhem - Sjuksköterska till geriatriken Kungsholmen - Kungsholmen - Standard Boost - Position ID: (1415) - AGNES
VD,Unknown,Unknown,Facebook,40940,1214,2670.0,2.965,2.2,15,178.0,True,False,False,False,False,Cabonline,120209841165000558,Cabonline - Medarbetare till Planeringsavdelningen - Huvudsta - Facebook & Instagram Boost  - Position ID (53091) - MOA
Lagerarbetare,Stor stad,Göteborg,Facebook,56421,3595,2670.0,6.372,0.74,15,178.0,True,False,False,False,False,NTEX Inrikes,120209392945630685,NTEX Inrikes - Terminal / Lagerarbetare till Ntex Inrikes - Göteborg - Boost - Position ID (54885) - SIMON
Servicetekniker,Stor stad,Stockholm,Facebook,27066,706,2670.0,2.608,3.78,15,178.0,True,False,False,False,False,ISG Nordic,120200822544620278,"ISG Nordic - Servicetekniker, säkerhet - Stockholmsregionen/Mellersta Sverige - Boost - Position ID: (48771) - MOA"
Säljare,Unknown,Unknown,Facebook,62866,1210,2670.0,1.925,2.21,15,178.0,True,False,False,False,False,Lindex,120204324431110606,Lindex - Säljare till Lindex - Gällivare - Boost - Website ID: (3292475) - MOA
Projektledare,Stor stad,Stockholm,Facebook,31542,659,2670.0,2.089,4.05,10,267.0,True,False,False,False,False,ISG Nordic,120200402569500278,"ISG Nordic - Teknisk Projektledare, säkerhet - Stockholmsregionen/Mellersta Sverige - Boost - Position ID: (48492) - LINNEA"
Sjuksköterska,Stor stad,Stockholm,Facebook,37350,1388,2670.0,3.716,1.92,15,178.0,True,False,False,False,False,Stockholms Sjukhem,120200900600410459,Stockholms Sjukhem - Specialistsjuksköterska till geriatrik Bromma - Bromma - Standard Boost - Position ID: (48933) - AGNES
Säljare,Unknown,Unknown,Facebook,52605,910,2670.0,1.73,2.93,15,178.0,True,False,False,False,False,Lindex,120208793352200606,Lindex - Säljare till Lindex - Kiruna - Boost - Website ID: (3343393) - AGNES
Ekonom,Stor stad,Stockholm,Linkedin,1043,34,2670.0,3.26,78.53,15,178.0,False,True,False,False,False,Humlegården,321067373,Humlegården - Junior bolagsekonom/ Ekonomiassistent till Humlegården Fastigheter - Stockholm - LinkedIn Boost - Postion ID: (54421) - EDVIN
Sjuksköterska,Stor stad,Stockholm,Facebook,56963,1345,2670.0,2.361,1.99,15,178.0,True,False,False,False,False,Stockholms Sjukhem,120206228370940459,Stockholms Sjukhem - Nattsjuksköterska till geriatriken Kungsholmen - Kungsholmen - Standard Boost - Position ID: (1415) - SIMON
