campaign_id,campaign_name,Campaign_Type,Company,Role,Location,City_Size,platform,Is_Facebook,Is_LinkedIn,Is_Snapchat,Is_TikTok,total_impressions,total_clicks,total_spend,campaign_days,ctr_percent,CTR_Category,cpc_sek,CPC_Category,Daily_Spend,Clicks_Per_Day,Cost_Efficiency
120211870968020198,Karolinska - Operationssjuksköterska till Barnoperation - Solna - Boost Rörlig - Position ID: (54096) - MOA,Recruitment,Karolinska,Sjuksköterska,Solna,Liten stad,facebook,1,0,0,0,353610,8936,17399.0618,92,2.5270778541330845,Medium,1.9470749552372424,Very Low,189.12023695652172,97.1304347826087,51.35909109765907
120201327109880198,Karolinska - Anestesisjuksköterska och Operationssjuksköterska - Stockholm - Boost Premium - Position ID: (48819+48820) - AGNES,Recruitment,Karolinska,Sjuksköterska,Stockholm,Stor stad,facebook,1,0,0,0,225799,5755,13999.9138,76,2.5487269651327065,Medium,2.432652267593397,Low,184.20939210526316,75.72368421052632,41.10739596125227
df7437c5-66ea-4281-9843-248e8ef4b8f2,Karolinska - Operationssjuksköterska till Barnoperation - Solna - Boost Rörlig - Position ID: (54096) - MOA,Recruitment,Karolinska,Sjuksköterska,Solna,Liten stad,snapchat,0,0,1,0,204347,3950,12154.8205,66,1.932986537605152,Low,3.0771697468354433,Low,184.16394696969698,59.84848484848485,32.49739475790695
120203928144310772,We Select - Two-Step Advertising - Step 2/2 - B2B-säljare - Stockholm - Position ID (49895) - EDVIN,Recruitment,We Select,Säljare,Stockholm,Stor stad,facebook,1,0,0,0,152150,3166,11900.92,46,2.0808412750575087,Medium,3.758976626658244,Low,258.71565217391304,68.82608695652173,26.60298531542099
120201044373770592,Ömangruppen - OVK-Konsult - Kalmar - Boost Plus - Website ID (20230928) - LINNEA,Recruitment,Ömangruppen,Konsult,Kalmar,Liten stad,facebook,1,0,0,0,169843,2079,10000.0,29,1.2240716426346685,Low,4.810004810004809,Low,344.82758620689657,71.6896551724138,20.79
361197363,DEKRA Industrial - DEKRA söker en engagerad och strukturerad HR-generalist! - Göteborg - Boost Auto - Position ID: (59054) - EDVIN [20086062519],Recruitment,DEKRA Industrial,,Göteborg,Stor stad,linkedin,0,1,0,0,6603,189,8204.29,11,2.862335302135393,Medium,43.4089417989418,Very High,745.8445454545455,17.181818181818183,2.303672834578007
120212099336290592,Vita Sales - Two-Step Advertising - Step 2/2 - Innesäljare - Uppsala - Position ID (4436465) - SIMON,Recruitment,Vita Sales,Säljare,Uppsala,Mellanstor stad,facebook,1,0,0,0,117332,1970,7279.85,52,1.6789963522312752,Low,3.6953553299492383,Low,139.9971153846154,37.88461538461539,27.06099713593
120226408020970656,"Menigo - Business Controller, chef för controlling and analytics - Stockholm - Menigo Boost - Position ID: (63459) - ELVIRA [26307744008]",Recruitment,Menigo,Chef,Stockholm,Stor stad,facebook,1,0,0,0,106489,1990,6551.96,29,1.8687376160918028,Low,3.2924422110552762,Low,225.9296551724138,68.62068965517241,30.372590797257615
120219504588360176,Almab (Nolyx) - Two-Step Advertising - Step 2/2 - Automationsingenjör/tekniker - Ljusdal/flexibel - Position ID: (61511) - SIMON [21944907023],Recruitment,Almab (Nolyx),Tekniker,Unknown,Unknown,facebook,1,0,0,0,90005,2212,6251.02,29,2.4576412421532137,Medium,2.8259584086799276,Low,215.55241379310345,76.27586206896552,35.38622496808521
120209395044900675,Danderyds Sjukhus - Kampanj Sjuksköterska - Danderyd - Boost + Snapchat - Varbi ID: (x) - MOA,Recruitment,Danderyds Sjukhus,Sjuksköterska,Unknown,Unknown,facebook,1,0,0,0,134357,3970,6000.0,29,2.9548144123491893,Medium,1.5113350125944585,Very Low,206.89655172413794,136.89655172413794,66.16666666666666
371233193,"Menigo - Two-Step Advertising - Step 2/2 - Utesäljare - Norrköping, Linköping, Stockholm, Göteborg, Malmö - Position ID: (61074) - AGNES [21279911029]",Recruitment,Menigo,Säljare,Stockholm,Stor stad,linkedin,0,1,0,0,12475,298,5400.0,23,2.3887775551102206,Medium,18.120805369127517,High,234.7826086956522,12.956521739130435,5.518518518518518
120216327158900656,"Menigo - Two-Step Advertising - Step 2/2 - Utesäljare - Norrköping, Linköping, Stockholm, Göteborg, Malmö - Position ID: (61074) - AGNES [21279911029]",Recruitment,Menigo,Säljare,Stockholm,Stor stad,facebook,1,0,0,0,108252,4430,5399.92,23,4.092303144514651,High,1.218943566591422,Very Low,234.77913043478262,192.6086956521739,82.03825241855435
120201272965150198,Karolinska - Temachef Kvinnohälsa och Hälsoprofessioner - Hela Sverige - Boost + LinkedIn Jobs - Position ID: (48260) - LINNEA,Recruitment,Karolinska,Chef,National,Nationell,facebook,1,0,0,0,75690,2071,5200.0,15,2.7361606553045315,Medium,2.5108643167551907,Low,346.6666666666667,138.06666666666666,39.82692307692307
120214041521040093,MLT Maskin & Laserteknik - Applikationsingenjörer inom vibrationsmätning - Stockholm/Södertälje - Boost Plus - Position ID (56846) - LINNEA,Recruitment,MLT Maskin & Laserteknik,Ingenjör,Stockholm,Stor stad,facebook,1,0,0,0,72892,1149,5032.67,45,1.5763046699226253,Low,4.380043516100957,Low,111.83711111111111,25.533333333333335,22.83082339990502
120213196784640592,Sigma Industry - Teknisk Projektledare - Stockholm - Rekryteringskampanj - Uptrail ID (47758) - AGNES,Recruitment,Sigma Industry,Tekniker,Stockholm,Stor stad,facebook,1,0,0,0,137443,2270,4800.0,57,1.6515937515915688,Low,2.1145374449339207,Low,84.21052631578948,39.824561403508774,47.291666666666664
120215352186770198,Karolinska - Omvårdnadschef till barnoperation - Solna - Tecknad kampanj - Position ID: (57049) - SIMON,Recruitment,Karolinska,Chef,Solna,Liten stad,facebook,1,0,0,0,46239,1112,4724.73,29,2.4048962996604595,Medium,4.248857913669065,Low,162.92172413793102,38.3448275862069,23.535736433616314
120226756807690778,AB Svensk Bilprovning - Besiktningstekniker - Gällivare - Facebook & Instagram Boost - Position ID: (62790) - SIMON [24968181593],Recruitment,AB Svensk Bilprovning,Tekniker,Unknown,Unknown,facebook,1,0,0,0,65175,1991,4623.39,22,3.0548523206751055,High,2.322144650929181,Low,210.1540909090909,90.5,43.063639450706084
120208650525660047,Fabege - Fastighetstekniker - Stockholm - Boost - Position ID: (54388) - LINNEA,Recruitment,Fabege,Tekniker,Stockholm,Stor stad,facebook,1,0,0,0,130659,2408,4499.94,18,1.8429652760238484,Low,1.8687458471760796,Very Low,249.99666666666664,133.77777777777777,53.511824602105804
120234960627330602,DEKRA Bilbesiktning - Distriktschef till Fordonsbesiktning region Öst - Nyköping - Boost Auto - Position ID: (63484) - LOUISE [27119990798],Recruitment,DEKRA Bilbesiktning,Chef,Unknown,Unknown,facebook,1,0,0,0,89647,1348,4398.56,30,1.5036755273461464,Low,3.263026706231454,Low,146.61866666666668,44.93333333333333,30.646393365101304
120219418543720592,"Motum - Two Step Advertising - Step 2/2 - Hissteknikerskolan - Stockholm, Linköping, Örebro - Position ID (58481) - AGNES",Recruitment,Motum,Tekniker,Stockholm,Stor stad,facebook,1,0,0,0,109487,3585,4375.0,29,3.2743613397024305,High,1.2203626220362622,Very Low,150.86206896551724,123.62068965517241,81.94285714285714
a4580781-46ee-48d6-9506-c0d4e6225de9,"Motum - Two Step Advertising - Step 2/2 - Hissteknikerskolan - Stockholm, Linköping, Örebro - Position ID (58481) - AGNES",Recruitment,Motum,Tekniker,Stockholm,Stor stad,snapchat,0,0,1,0,45992,905,4374.6704,29,1.9677335188728473,Low,4.833889944751381,Low,150.85070344827585,31.20689655172414,20.687272805740978
120209204993230430,Frank Penny - Two-Step Advertising - Step 2/2 - Managementkonsult - Stockholm - Position ID (53667) - SIMON,Recruitment,Frank Penny,Konsult,Stockholm,Stor stad,facebook,1,0,0,0,76030,2881,4186.0,20,3.78929369985532,High,1.4529677195418256,Very Low,209.3,144.05,68.82465360726229
120207396412440176,Almab (Nylox) - Automationsingenjör/Tekniker - Ljusdal - Boost + Video - Position ID: (52446) - SIMON,Recruitment,Almab (Nylox),Tekniker,Unknown,Unknown,facebook,1,0,0,0,66321,921,4070.0,15,1.388700411634324,Low,4.419109663409338,Low,271.3333333333333,61.4,22.628992628992627
120211268509080430,Frank Penny - Two-Step Advertising - Step 2/2 - Managementkonsult - Stockholm - Position ID (55019) - LINNEA,Recruitment,Frank Penny,Konsult,Stockholm,Stor stad,facebook,1,0,0,0,58266,2515,4046.0,28,4.316410942916967,High,1.6087475149105368,Very Low,144.5,89.82142857142857,62.160158180919424
330954853,Frank Penny - Two-Step Advertising - Step 2/2 - Managementkonsult - Stockholm - Position ID (55019) - LINNEA,Recruitment,Frank Penny,Konsult,Stockholm,Stor stad,linkedin,0,1,0,0,4913,74,4046.0,29,1.506208019539996,Low,54.67567567567567,Very High,139.51724137931035,2.5517241379310347,1.828966880869995
120207440589950176,Almab (Nylox) - Automationsingenjör/Tekniker - Video - Ljusdal - Boost + Video - Position ID: (52446) - SIMON,Recruitment,Almab (Nylox),Tekniker,Unknown,Unknown,facebook,1,0,0,0,37815,837,4000.0,15,2.2134073780245935,Medium,4.778972520908005,Low,266.6666666666667,55.8,20.925
120202347288820602,DEKRA Industrial - SEKTIONSCHEF till avdelningen oförstörande provning - Sundsvall - Boost Auto - Position ID: (48869) - AGNES,Recruitment,DEKRA Industrial,Chef,Sundsvall,Liten stad,facebook,1,0,0,0,68176,842,3999.99,15,1.2350387233043887,Low,4.750581947743468,Low,266.666,56.13333333333333,21.050052625131563
120214100995350047,Fabege - Fastighetstekniker - Stockholm - Boost - Position ID: (57984) - SIMON,Recruitment,Fabege,Tekniker,Stockholm,Stor stad,facebook,1,0,0,0,110310,2338,3999.35,25,2.1194814613362345,Medium,1.7105859709153122,Very Low,159.974,93.52,58.45949966869617
120213156198130592,1Komma5 - Säljare - Nationell - Boost - Teamtailor ID: (x) - SIMON,Recruitment,1Komma5,Säljare,Unknown,Unknown,facebook,1,0,0,0,110249,5775,3870.0,29,5.2381427495941,Very High,0.6701298701298701,Very Low,133.44827586206895,199.13793103448276,149.2248062015504
120209393294850592,Valio Sverige AB - Fältsäljare - Stockholm - Facebook & Instagram Boost - Position ID: (52332) - MOA,Recruitment,Valio Sverige AB,Säljare,Stockholm,Stor stad,facebook,1,0,0,0,65601,1692,3870.0,15,2.5792289751680615,Medium,2.2872340425531914,Low,258.0,112.8,43.72093023255814
358372603,"Menigo - Platschef EKO Fisk - Partihandlarvägen, Årsta, Sweden - Menigo Boost - Position ID: (58634) - SIMON [19498123032]",Recruitment,Menigo,Chef,Unknown,Unknown,linkedin,0,1,0,0,4793,51,3854.0,22,1.0640517421239308,Low,75.56862745098039,Very High,175.1818181818182,2.3181818181818183,1.3233004670472237
120215104155160539,Teracom - Teknisk koordinator - Med placering på Gotland - Facebook & Instagram Boost - Position ID: (59057) - AGNES [20321662542],Recruitment,Teracom,Tekniker,Unknown,Unknown,facebook,1,0,0,0,76997,1701,3832.99,19,2.209176980921334,Medium,2.253374485596708,Low,201.73631578947368,89.52631578947368,44.37788775864273
120200118861510721,Vianor - Vianor söker bilmekaniker till Eskilstuna - Eskilstuna - Boost - Position ID: (48714) - SIMON,Recruitment,Vianor,Mekaniker,Eskilstuna,Liten stad,facebook,1,0,0,0,58160,739,3830.0,15,1.2706327372764785,Low,5.182679296346414,Medium,255.33333333333334,49.266666666666666,19.295039164490863
23861392481770720,Vianor - Vianor söker platschef till Osby - Osby - Boost - Position ID: (48086) - MOA,Recruitment,Vianor,Chef,Unknown,Unknown,facebook,1,0,0,0,90709,2183,3830.0,15,2.4065969198205246,Medium,1.7544663307375172,Very Low,255.33333333333334,145.53333333333333,56.99738903394256
120200150649810721,Vianor - Platschef - Färjestaden - Boost - Position ID: (48733) - LINNEA,Recruitment,Vianor,Chef,Unknown,Unknown,facebook,1,0,0,0,65355,2318,3830.0,15,3.5467829546323926,High,1.6522864538395168,Very Low,255.33333333333334,154.53333333333333,60.52219321148825
120201795861910721,Vianor - Vianor söker Bilmekaniker - Malmö - Boost Auto - Position ID (49667) - LINNEA,Recruitment,Vianor,Mekaniker,Malmö,Stor stad,facebook,1,0,0,0,58376,876,3830.0,15,1.500616691791147,Low,4.372146118721461,Low,255.33333333333334,58.4,22.87206266318538
120200120532410721,Vianor - Vianor söker platschef till Vara - Vara - Boost - Position ID: (48525) - SIMON,Recruitment,Vianor,Chef,Unknown,Unknown,facebook,1,0,0,0,70769,2317,3829.99,15,3.2740324153230937,High,1.6529952524816571,Very Low,255.33266666666665,154.46666666666667,60.49624150454701
120220468193400176,Almab (Nolyx) - Two-Step Advertising - Step 1/2 - Automationsingenjör/tekniker - Ljusdal/flexibel - Position ID: (61511) - SIMON [21944907023],Recruitment,Almab (Nolyx),Tekniker,Unknown,Unknown,facebook,1,0,0,0,21876,1201,3827.14,15,5.49003474126897,Very High,3.1866278101582015,Low,255.14266666666666,80.06666666666666,31.381135782856127
ce8f1cfa-720a-40c4-bdb9-c6389a27bddf,Hurtigruta Carglass - Vi søker en bilglasstekniker til vår avdeling Hønefoss! - Hønefoss - Boost Auto - Position ID (56987) - LINNEA,Recruitment,Hurtigruta Carglass,Tekniker,Unknown,Unknown,snapchat,0,0,1,0,27215,445,3815.0,15,1.6351276869373508,Low,8.573033707865168,Medium,254.33333333333334,29.666666666666668,11.66448230668414
23862012880330316,SMP Svensk Maskinprovning AB - Rekryteringsprojekt - Certifieringsingenjörer/Provningsledare - Umeå - Position ID: (48598/47368) - MOA,Recruitment,SMP Svensk Maskinprovning AB,Chef,Umeå,Mellanstor stad,facebook,1,0,0,0,48976,956,3800.0,26,1.9519764782750737,Low,3.97489539748954,Low,146.15384615384616,36.76923076923077,25.157894736842106
346548383,MLT Maskin & Laserteknik - Applikationsingenjörer inom vibrationsmätning - Stockholm/Södertälje - Boost Plus - Position ID (56846) - LINNEA,Recruitment,MLT Maskin & Laserteknik,Ingenjör,Stockholm,Stor stad,linkedin,0,1,0,0,3135,26,3780.0,29,0.8293460925039872,Very Low,145.3846153846154,Very High,130.3448275862069,0.896551724137931,0.6878306878306878
120217381470330508,Göteborgs Stad Äldrevårdsomsorgsförvaltningen - Sjuksköterska till sydvästra Göteborg - Göteborg - Boost - Web ID: () - AGNES [20688277361],Recruitment,Göteborgs Stad Äldrevårdsomsorgsförvaltningen,Sjuksköterska,Göteborg,Stor stad,facebook,1,0,0,0,104202,5182,3601.79,21,4.973033147156484,High,0.6950578927055191,Very Low,171.51380952380953,246.76190476190476,143.8729076375913
371281573,"Menigo - Two-Step Advertising - Step 1/2 - Utesäljare - Norrköping, Linköping, Stockholm, Göteborg, Malmö - Position ID: (61074) - AGNES [21279911029]",Recruitment,Menigo,Säljare,Stockholm,Stor stad,linkedin,0,1,0,0,7510,100,3600.0,23,1.3315579227696404,Low,36.0,Very High,156.52173913043478,4.3478260869565215,2.7777777777777777
120205951649010756,Coop - SAP Chef till Coop Sverige - Framtidens varuförsörjning! - Solna - IT Boost - Uptrail ID (33078) - SIMON,Recruitment,Coop,Chef,Solna,Liten stad,facebook,1,0,0,0,72349,2828,3599.99,30,3.9088308062309087,High,1.2729809052333805,Very Low,119.99966666666666,94.26666666666667,78.55577376603824
23858346908020755,Coop Gotland - Försäljningschef - Gotland - Boost Premium - Position ID (47515) - MOA,Recruitment,Coop Gotland,Chef,Unknown,Unknown,facebook,1,0,0,0,91377,3868,3599.99,15,4.233012683716908,High,0.930710961737332,Very Low,239.9993333333333,257.8666666666667,107.44474290206362
120216215703640656,"Menigo - Two-Step Advertising - Step 1/2 - Utesäljare - Norrköping, Linköping, Stockholm, Göteborg, Malmö - Position ID: (61074) - AGNES [21279911029]",Recruitment,Menigo,Säljare,Stockholm,Stor stad,facebook,1,0,0,0,56364,2301,3599.28,23,4.082393016819246,High,1.5642242503259451,Very Low,156.4904347826087,100.04347826086956,63.9294525571781
120211825706210026,Carglass - Bilglastekniker till Carglass® Skövde - Skövde - Boost Auto - Position ID: (55151) - EDVIN,Recruitment,Carglass,Tekniker,Skövde,Liten stad,facebook,1,0,0,0,56220,787,3563.3338,15,1.39985770188545,Low,4.5277430749682335,Low,237.55558666666667,52.46666666666667,22.086058847475922
120211829524390026,Carglass - Bilglastekniker till Carglass® - Oskarshamn - Boost Auto - Position ID: (55158) - EDVIN,Recruitment,Carglass,Tekniker,Unknown,Unknown,facebook,1,0,0,0,51120,828,3561.6472,15,1.6197183098591548,Low,4.301506280193236,Low,237.44314666666665,55.2,23.24767034758524
120202163476010026,Carglass - Bilglastekniker till Carglass® Kalmar - Kalmar - Boost Auto - Position ID: (49482) - AGNES,Recruitment,Carglass,Tekniker,Kalmar,Liten stad,facebook,1,0,0,0,68999,944,3560.0224,14,1.3681357700836243,Low,3.7712101694915257,Low,254.28731428571427,67.42857142857143,26.51668708601384
120206810879090026,Carglass - Bilglastekniker till Carglass® Norrköping - Norrköping - Boost Auto - Position ID (51745) - MOA,Recruitment,Carglass,Tekniker,Norrköping,Mellanstor stad,facebook,1,0,0,0,56445,809,3560.0,15,1.4332536097085657,Low,4.400494437577256,Low,237.33333333333334,53.93333333333333,22.724719101123593
23858786714530025,Carglass - Bilglastekniker till Carglass® Malmö - Malmö - Boost Auto - Position ID: (47343) - MOA,Recruitment,Carglass,Tekniker,Malmö,Stor stad,facebook,1,0,0,0,90665,1202,3560.0,15,1.3257596646997187,Low,2.961730449251248,Low,237.33333333333334,80.13333333333334,33.764044943820224
120204657715400026,Carglass - Bilglastekniker till Carglass® Täby - Täby - Boost Auto - Position ID: (50346) - LINNEA,Recruitment,Carglass,Tekniker,Täby,Liten stad,facebook,1,0,0,0,53574,625,3560.0,15,1.1666106693545375,Low,5.696,Medium,237.33333333333334,41.666666666666664,17.5561797752809
120200983519130026,Carglass - Bilglastekniker till Carglass® Helsingborg - Helsingborg - Boost Auto - Position ID: (48597) - SIMON,Recruitment,Carglass,Tekniker,Helsingborg,Mellanstor stad,facebook,1,0,0,0,50721,735,3560.0,15,1.4491039214526529,Low,4.843537414965986,Low,237.33333333333334,49.0,20.646067415730336
120206853245310026,Carglass - Bilglastekniker till Carglass® Stockholm City - Stockholm - Boost Auto - Position ID (51750) - SIMON,Recruitment,Carglass,Tekniker,Stockholm,Stor stad,facebook,1,0,0,0,38073,481,3560.0,15,1.2633624878522836,Low,7.401247401247401,Medium,237.33333333333334,32.06666666666667,13.511235955056181
120201027856600026,Carglass - Bilglastekniker till Carglass® Hässleholm - Hässleholm - Boost Auto - Position ID: (48614) - AGNES,Recruitment,Carglass,Tekniker,Unknown,Unknown,facebook,1,0,0,0,63241,924,3560.0,15,1.4610774655682233,Low,3.8528138528138527,Low,237.33333333333334,61.6,25.955056179775283
23858713817470025,Carglass - Bilglastekniker till Carglass® Hässleholm - Hässleholm - Boost Auto - Position ID: (47277) - SIMON,Recruitment,Carglass,Tekniker,Unknown,Unknown,facebook,1,0,0,0,75389,1004,3560.0,15,1.3317592752258287,Low,3.5458167330677286,Low,237.33333333333334,66.93333333333334,28.20224719101124
23858703703500025,Carglass - Bilglastekniker till Carglass® till södra Stockholm - Stockholm - Boost Auto - Position ID: (47249) - AGNES,Recruitment,Carglass,Tekniker,Stockholm,Stor stad,facebook,1,0,0,0,71004,1093,3560.0,15,1.5393498957805194,Low,3.2570905763952425,Low,237.33333333333334,72.86666666666666,30.702247191011235
120210072275430026,Carglass - Bilglastekniker till Carglass® Kalmar - Kalmar - Boost Auto - Position ID (53569) - AGNES,Recruitment,Carglass,Tekniker,Kalmar,Liten stad,facebook,1,0,0,0,52718,684,3560.0,15,1.2974695549907052,Low,5.204678362573099,Medium,237.33333333333334,45.6,19.213483146067414
23859388844870025,Carglass - Bilglastekniker till Carglass® Karlskrona - Karlskrona - Boost Auto - Position ID: (47620) - SIMON,Recruitment,Carglass,Tekniker,Unknown,Unknown,facebook,1,0,0,0,68796,861,3560.0,15,1.2515262515262515,Low,4.13472706155633,Low,237.33333333333334,57.4,24.185393258426966
120206903495360026,Carglass - Bilglastekniker till Carglass® Halmstad - Halmstad - Boost Auto - Position ID (51792) - MOA,Recruitment,Carglass,Tekniker,Unknown,Unknown,facebook,1,0,0,0,57206,647,3560.0,15,1.1310002447295737,Low,5.502318392581144,Medium,237.33333333333334,43.13333333333333,18.174157303370787
120211334046860026,Carglass - Bilglastekniker till Carglass® Helsingborg - Helsingborg - Boost - Position ID (54662) - LEAH,Recruitment,Carglass,Tekniker,Helsingborg,Mellanstor stad,facebook,1,0,0,0,74195,1053,3560.0,15,1.4192331019610485,Low,3.3808167141500474,Low,237.33333333333334,70.2,29.578651685393258
120204477766330026,Carglass - Bilglastekniker till Carglass® Sundsvall - Sundsvall - Boost Auto - Position ID: (50204) - AGNES,Recruitment,Carglass,Tekniker,Sundsvall,Liten stad,facebook,1,0,0,0,92311,1169,3560.0,15,1.266371288362167,Low,3.0453378956372967,Low,237.33333333333334,77.93333333333334,32.83707865168539
120211355850250026,Carglass - Bilglastekniker till Carglass® Hammarby - Stockholm - Boost Auto - Position ID (54679) - SIMON,Recruitment,Carglass,Tekniker,Stockholm,Stor stad,facebook,1,0,0,0,67053,835,3560.0,15,1.2452835816443708,Low,4.263473053892215,Low,237.33333333333334,55.666666666666664,23.45505617977528
120204261643860179,Home of Recruitment (PTS) - HR-partner/HR-specialist till PTS - Stockholm - Boost - Teamtailor ID (3582682) - MOA,Recruitment,Home of Recruitment (PTS),Specialist,Stockholm,Stor stad,facebook,1,0,0,0,79907,2509,3560.0,14,3.139900133905665,High,1.4188919888401752,Very Low,254.28571428571428,179.21428571428572,70.47752808988764
120201582691510026,Carglass - Bilglastekniker till Carglass® Kista - Kista - Boost Auto - Position ID: (49087) - LINNEA,Recruitment,Carglass,Tekniker,Kista,Liten stad,facebook,1,0,0,0,31962,456,3560.0,15,1.426694199361742,Low,7.80701754385965,Medium,237.33333333333334,30.4,12.808988764044942
120200587044220026,Carglass - Bilglastekniker till Carglass® Falun - Falun - Boost Auto - Position ID: (48338) - MOA,Recruitment,Carglass,Tekniker,Falun,Liten stad,facebook,1,0,0,0,59054,994,3560.0,15,1.6832052020184916,Low,3.5814889336016096,Low,237.33333333333334,66.26666666666667,27.921348314606742
120201372537940026,Carglass - Bilglastekniker till Carglass® Arlanda - Arlanda - Boost Auto - Position ID: (48831) - MOA,Recruitment,Carglass,Tekniker,Unknown,Unknown,facebook,1,0,0,0,40867,586,3560.0,15,1.4339197885824748,Low,6.075085324232082,Medium,237.33333333333334,39.06666666666667,16.46067415730337
23859386613420025,Carglass - Bilglastekniker till Carglass® Norrköping - Norrköping - Boost Auto - Position ID: (47619) - LINNEA,Recruitment,Carglass,Tekniker,Norrköping,Mellanstor stad,facebook,1,0,0,0,66834,950,3560.0,15,1.4214322051650357,Low,3.7473684210526312,Low,237.33333333333334,63.333333333333336,26.685393258426966
120200136413290026,Carglass - Bilglastekniker till Carglass® Kungsbacka - Kungsbacka - Boost Auto - Position ID: (46512) - AGNES,Recruitment,Carglass,Tekniker,Unknown,Unknown,facebook,1,0,0,0,69290,745,3560.0,15,1.075191225285034,Low,4.778523489932885,Low,237.33333333333334,49.666666666666664,20.926966292134832
120206071281240026,Carglass - Bilglastekniker till Carglass® Helsingborg - Helsingborg - Boost Auto - Position ID (51228) - AGNES,Recruitment,Carglass,Tekniker,Helsingborg,Mellanstor stad,facebook,1,0,0,0,64458,997,3560.0,15,1.5467436159980141,Low,3.570712136409228,Low,237.33333333333334,66.46666666666667,28.00561797752809
120201082676890026,Carglass - Bilglastekniker till Carglass® Uppsala - Uppsala - Boost Auto - Position ID: (48650) - AGNES,Recruitment,Carglass,Tekniker,Uppsala,Mellanstor stad,facebook,1,0,0,0,53574,863,3560.0,15,1.6108560122447455,Low,4.125144843568946,Low,237.33333333333334,57.53333333333333,24.241573033707866
120204694775950026,Carglass - Bilglastekniker till Carglass® Varberg - Varberg - Boost Auto - Position ID: (50388) - AGNES,Recruitment,Carglass,Tekniker,Unknown,Unknown,facebook,1,0,0,0,64738,914,3560.0,15,1.4118446661929624,Low,3.894967177242888,Low,237.33333333333334,60.93333333333333,25.674157303370787
23858835595920025,Carglass - Bilglastekniker till Carglass® Göteborg - Göteborg - Boost Auto - Position ID: (47347) - MOA,Recruitment,Carglass,Tekniker,Göteborg,Stor stad,facebook,1,0,0,0,83494,1046,3560.0,15,1.2527846312309865,Low,3.4034416826003824,Low,237.33333333333334,69.73333333333333,29.382022471910112
120202039644580026,Carglass - Winback-säljare till Carglass® - Stockholm - Boost Auto - Position ID: (49306) - AGNES,Recruitment,Carglass,Säljare,Stockholm,Stor stad,facebook,1,0,0,0,36560,1041,3560.0,15,2.847374179431072,Medium,3.419788664745437,Low,237.33333333333334,69.4,29.241573033707862
120206850430960026,Carglass - Bilglastekniker till Carglass® Danderyd - Danderyd - Boost Auto - Position ID (51749) - AGNES,Recruitment,Carglass,Tekniker,Unknown,Unknown,facebook,1,0,0,0,37577,367,3560.0,15,0.9766612555552598,Very Low,9.700272479564031,Medium,237.33333333333334,24.466666666666665,10.308988764044944
120207725006240026,Carglass - Bilglastekniker till Carglass® Stockholm - Stockholm - Boost Auto - Position ID (52301) - MOA,Recruitment,Carglass,Tekniker,Stockholm,Stor stad,facebook,1,0,0,0,60377,672,3560.0,15,1.1130066084767378,Low,5.297619047619048,Medium,237.33333333333334,44.8,18.876404494382022
23861385116650025,Carglass - Bilglastekniker till Carglass® Kalmar - Kalmar - Boost Auto - Position ID: (47765) - MOA,Recruitment,Carglass,Tekniker,Kalmar,Liten stad,facebook,1,0,0,0,78981,1113,3560.0,15,1.4091996809359213,Low,3.198562443845463,Low,237.33333333333334,74.2,31.264044943820224
120211356249430026,Carglass - Bilglastekniker till Carglass® Stockholm City - Stockholm - Boost Auto - Position ID (54681) - SIMON,Recruitment,Carglass,Tekniker,Stockholm,Stor stad,facebook,1,0,0,0,59450,801,3560.0,15,1.3473507148864592,Low,4.444444444444445,Low,237.33333333333334,53.4,22.5
23858706267170025,Carglass - Bilglastekniker till Carglass® norra Stockholm - Stockholm - Boost Auto - Position ID: (47250) - AGNES,Recruitment,Carglass,Tekniker,Stockholm,Stor stad,facebook,1,0,0,0,69193,1070,3560.0,15,1.5463992022314397,Low,3.3271028037383177,Low,237.33333333333334,71.33333333333333,30.0561797752809
120202182689190026,Carglass - Bilglastekniker till Carglass® Karlskrona - Karlskrona - Boost Auto - Position ID: (49511) - MOA,Recruitment,Carglass,Tekniker,Unknown,Unknown,facebook,1,0,0,0,54424,686,3559.9907,15,1.2604733205938556,Low,5.18949081632653,Medium,237.33271333333332,45.733333333333334,19.26971326076779
120204531808210026,Carglass - Bilglastekniker till Carglass® Malmö - Malmö - Boost Auto - Position ID: (50232) - AGNES,Recruitment,Carglass,Tekniker,Malmö,Stor stad,facebook,1,0,0,0,72759,903,3559.99,15,1.2410835772894073,Low,3.9424031007751936,Low,237.33266666666665,60.2,25.36523978999941
120204476704160026,Carglass - Bilglastekniker till Carglass® Lund - Lund - Boost Auto - Position ID: (50187) - MOA,Recruitment,Carglass,Tekniker,Lund,Mellanstor stad,facebook,1,0,0,0,89472,1320,3559.99,15,1.4753218884120172,Low,2.6969621212121213,Low,237.33266666666665,88.0,37.0787558392018
120206855663650026,Carglass - Bilglastekniker till Carglass® Skärholmen - Stockholm - Boost Auto - Position ID (51756) - SIMON,Recruitment,Carglass,Tekniker,Stockholm,Stor stad,facebook,1,0,0,0,39002,380,3559.99,15,0.9743090097943696,Very Low,9.368394736842104,Medium,237.33266666666665,25.333333333333332,10.674187287042942
120211355952540026,Carglass - Bilglastekniker till Carglass® Vällingby - Vällingby - Boost Auto - Position ID (54680) - SIMON,Recruitment,Carglass,Tekniker,Unknown,Unknown,facebook,1,0,0,0,62312,719,3559.99,15,1.1538708434972396,Low,4.951307371349096,Low,237.33266666666665,47.93333333333333,20.19668594574704
120209958320910026,Carglass - Bilglastekniker till Carglass® Norrköping - Norrköping - Boost Auto - Position ID (53460) - LINNEA,Recruitment,Carglass,Tekniker,Norrköping,Mellanstor stad,facebook,1,0,0,0,53796,728,3559.99,15,1.353260465462116,Low,4.890096153846153,Low,237.33266666666665,48.53333333333333,20.44949564465069
23858788771030025,Carglass - Bilglastekniker till Carglass® Lund - Lund - Boost Auto - Position ID: (47346) - MOA,Recruitment,Carglass,Tekniker,Lund,Mellanstor stad,facebook,1,0,0,0,82148,1324,3559.99,15,1.6117251789453182,Low,2.6888141993957704,Low,237.33266666666665,88.26666666666667,37.19111570538119
120201394592670026,Carglass - Bilglastekniker till Carglass® Malmö - Malmö - Boost Auto - Position ID: (47343) - AGNES,Recruitment,Carglass,Tekniker,Malmö,Stor stad,facebook,1,0,0,0,50994,800,3559.98,15,1.5688120171000508,Low,4.449975,Low,237.332,53.333333333333336,22.472036359754828
120204694937530026,Carglass - Bilglastekniker till Carglass® Skövde/Falköping - Skövde/Falköping - Boost Auto - Position ID: (50387) - SIMON,Recruitment,Carglass,Tekniker,Skövde,Liten stad,facebook,1,0,0,0,71114,877,3559.97,15,1.2332311499845319,Low,4.059258836944128,Low,237.33133333333333,58.46666666666667,24.63503905931792
120205814208970026,Carglass - Bilglastekniker till Carglass® Göteborg - Göteborg - Boost Auto - Position ID (51102) - MOA,Recruitment,Carglass,Tekniker,Göteborg,Stor stad,facebook,1,0,0,0,59037,1185,3559.97,15,2.0072158138116776,Medium,3.004194092827004,Low,237.33133333333333,79.0,33.28679736065192
120201489846260026,Carglass - Bilglastekniker till Carglass® Nacka - Nacka - Boost Auto - Position ID: (49001) - MOA,Recruitment,Carglass,Tekniker,Unknown,Unknown,facebook,1,0,0,0,41057,652,3559.97,15,1.5880361448717637,Low,5.4600766871165645,Medium,237.33133333333333,43.46666666666667,18.3147610794473
120206481385840026,Carglass - Bilglastekniker till Carglass® Skarpnäck - Skarpnäck - Boost Auto - Position ID (51524) - MOA,Recruitment,Carglass,Tekniker,Unknown,Unknown,facebook,1,0,0,0,42651,547,3559.96,15,1.2825021687650935,Low,6.508153564899451,Medium,237.33066666666667,36.46666666666667,15.365341183608805
23859349977560025,Carglass - Bilglastekniker till Carglass® Ystad - Ystad - Boost Auto - Position ID: (47576) - LINNEA,Recruitment,Carglass,Tekniker,Unknown,Unknown,facebook,1,0,0,0,66529,946,3559.96,15,1.4219362984563122,Low,3.7631712473572936,Low,237.33066666666667,63.06666666666667,26.57333228463241
120203425961050026,Carglass - Bilglastekniker till Carglass® Umeå - Umeå - Boost Auto - Position ID: (49880) - AGNES,Recruitment,Carglass,Tekniker,Umeå,Mellanstor stad,facebook,1,0,0,0,60814,684,3559.96,15,1.1247410135823988,Low,5.204619883040936,Medium,237.33066666666667,45.6,19.213699030326183
120211660450850026,Carglass - Bilglastekniker till Carglass® Stockholm Arninge - Stockholm - Boost Auto - Position ID (54971) - LINNEA,Recruitment,Carglass,Tekniker,Stockholm,Stor stad,facebook,1,0,0,0,54719,769,3559.96,13,1.4053619400939343,Low,4.629336801040312,Low,273.8430769230769,59.15384615384615,21.6013663074866
120202106716490026,Carglass - Distriktschef på Carglass® - Växjö - Boost Auto - Position ID: (49395) - LINNEA,Recruitment,Carglass,Chef,Växjö,Liten stad,facebook,1,0,0,0,48242,942,3559.9559,15,1.952655362547158,Low,3.7791463906581746,Low,237.33039333333332,62.8,26.461001946681417
120206432514480026,Carglass - Bilglastekniker till Carglass® Kungsängen - Kungsängen - Boost Auto - Position ID (51492) - AGNES,Recruitment,Carglass,Tekniker,Unknown,Unknown,facebook,1,0,0,0,52413,580,3559.95,15,1.106595691908496,Low,6.137844827586206,Medium,237.32999999999998,38.666666666666664,16.292363656792933
120210047836170026,Carglass - Bilglastekniker till Carglass® Lund - Lund - Boost Auto - Position ID (53522) - AGNES,Recruitment,Carglass,Tekniker,Lund,Mellanstor stad,facebook,1,0,0,0,58822,1024,3559.93,15,1.740845261976811,Low,3.476494140625,Low,237.32866666666666,68.26666666666667,28.764610540094893
120210109824000026,Carglass - Bilglastekniker till Carglass® Strängnäs - Strängnäs - Boost Auto - Position ID (53605) - MOA,Recruitment,Carglass,Tekniker,Unknown,Unknown,facebook,1,0,0,0,61639,831,3559.92,15,1.348172423303428,Low,4.283898916967509,Low,237.328,55.4,23.34322119598193
120212314916080026,Carglass - Bilglastekniker till Carglass® Lerum - Lerum - Boost Auto - Position ID (55610) - SIMON,Recruitment,Carglass,Tekniker,Unknown,Unknown,facebook,1,0,0,0,49170,1027,3559.88,15,2.0886719544437664,Medium,3.466290165530672,Low,237.32533333333333,68.46666666666667,28.849287054619815
120202190424650026,"Carglass - Bilglastekniker/Verkstadsansvarig till Carglass® i Solna, Bromma & Vällingby - Solna, Sverige - Boost Auto - Position ID: (49524) - LINNEA",Recruitment,Carglass,Tekniker,Solna,Liten stad,facebook,1,0,0,0,35418,440,3559.8434,15,1.2423061720029365,Low,8.090553181818182,Medium,237.32289333333335,29.333333333333332,12.360094267068039
120204635404360026,Carglass - Bilglastekniker till Carglass® Jönköping - Jönköping - Boost Auto - Position ID: (50330) - LINNEA,Recruitment,Carglass,Tekniker,Jönköping,Mellanstor stad,facebook,1,0,0,0,72031,1055,3559.84,15,1.4646471658036124,Low,3.374255924170616,Low,237.32266666666666,70.33333333333333,29.636163423075196
120212309809730026,Carglass - Bilglastekniker till Carglass® Göteborg - Göteborg - Boost Auto - Position ID (55609) - LINNEA,Recruitment,Carglass,Tekniker,Göteborg,Stor stad,facebook,1,0,0,0,50723,954,3559.77,15,1.880803580229876,Low,3.7314150943396225,Low,237.318,63.6,26.799484236341115
120202499672440026,Carglass - Bilglastekniker till Carglass® Linköping - Linköping - Boost Auto - Position ID: (49590) - SIMON,Recruitment,Carglass,Tekniker,Linköping,Mellanstor stad,facebook,1,0,0,0,51940,869,3559.621,15,1.6730843280708507,Low,4.09622669735328,Low,237.30806666666666,57.93333333333333,24.412711353259237
120214599686020592,Linneahusen - Koordinator - Malmö - Boost - Position ID: (55320) - LINNEA,Recruitment,Linneahusen,Koordinator,Malmö,Stor stad,facebook,1,0,0,0,68162,4837,3559.3242,15,7.096329333059476,Very High,0.7358536696299359,Very Low,237.28828000000001,322.46666666666664,135.89658396388842
120212087448290026,Carglass - Bilglastekniker till Carglass® - Uppsala - Boost Auto - Position ID: (55430) - LINNEA,Recruitment,Carglass,Tekniker,Uppsala,Mellanstor stad,facebook,1,0,0,0,61129,1277,3559.3,15,2.08902484908963,Medium,2.787235708692247,Low,237.2866666666667,85.13333333333334,35.87784114854044
120211356651920026,Carglass - Bilglastekniker till Carglass® Piteå - Piteå - Boost Auto - Position ID (54696) - SIMON,Recruitment,Carglass,Tekniker,Unknown,Unknown,facebook,1,0,0,0,70783,1007,3559.17,15,1.4226579828489891,Low,3.534428997020854,Low,237.278,67.13333333333334,28.293113282029235
120202222181990026,Carglass - Bilglastekniker till Carglass® Skellefteå - Skellefteå - Boost Auto - Position ID: (49561) - AGNES,Recruitment,Carglass,Tekniker,Unknown,Unknown,facebook,1,0,0,0,47129,522,3559.0331,14,1.1075982940440068,Low,6.8180710727969345,Medium,254.21665000000002,37.285714285714285,14.666904896164073
120211603778280026,Carglass - Bilglastekniker till Carglass® Malmö Frihamnen - Malmö - Boost Auto - Position ID (54897) - LINNEA,Recruitment,Carglass,Tekniker,Malmö,Stor stad,facebook,1,0,0,0,65495,1068,3558.87,15,1.630658828918238,Low,3.3322752808988763,Low,237.25799999999998,71.2,30.00952549545221
120212316274840026,Carglass - Bilglastekniker till Carglass® Kungsbacka - Kungsbacka - Boost Auto - Position ID (55611) - SIMON,Recruitment,Carglass,Tekniker,Unknown,Unknown,facebook,1,0,0,0,50513,818,3558.8,15,1.6193851087838773,Low,4.350611246943765,Low,237.25333333333336,54.53333333333333,22.985275935708664
120212257861130026,Carglass - Bilglastekniker till Carglass® Norrköping - Norrköping - Boost Auto - Position ID (55563) - AGNES,Recruitment,Carglass,Tekniker,Norrköping,Mellanstor stad,facebook,1,0,0,0,55710,962,3557.66,15,1.7267994973972356,Low,3.698191268191268,Low,237.17733333333334,64.13333333333334,27.040245554662334
120211941107000026,Carglass - Bilglastekniker till Carglass® Falun - Falun - Boost Auto - Position ID: (55240) - AGNES,Recruitment,Carglass,Tekniker,Falun,Liten stad,facebook,1,0,0,0,73843,1470,3556.258,15,1.9907100199071,Low,2.419223129251701,Low,237.08386666666667,98.0,41.33558363875737
120210452339290026,Carglass - Bilglastekniker till Carglass® Haparanda - Haparanda - Boost Auto - Position ID (54044) - AGNES,Recruitment,Carglass,Tekniker,Unknown,Unknown,facebook,1,0,0,0,56105,833,3539.4,15,1.48471615720524,Low,4.248979591836735,Low,235.96,55.53333333333333,23.535062439961575
23859767312660634,Upplands Väsby Kommun - Two-Step Advertising - Step 2/2 - Senior nätverkstekniker - Upplands Väsby - Position ID (663428) - MOA,Recruitment,Upplands Väsby Kommun,Tekniker,Unknown,Unknown,facebook,1,0,0,0,71033,1108,3510.0,31,1.559838384975997,Low,3.167870036101083,Low,113.2258064516129,35.74193548387097,31.566951566951566
120210946902930430,421 - Two-Step Advertising - Step 2/2 - Managementkonsult till 421 - Stockholm - Boost - Position ID (54812) - SIMON,Recruitment,421,Konsult,Stockholm,Stor stad,facebook,1,0,0,0,51136,1882,3501.417,28,3.6803817271589487,High,1.8604766206163657,Very Low,125.05060714285715,67.21428571428571,53.749667634560524
120211427174280778,Bilprovningen - Nyfikna gymnasieingenjörer se hit! - Växjö - Position ID: (53015) - EDVIN,Recruitment,Bilprovningen,Ingenjör,Växjö,Liten stad,facebook,1,0,0,0,110391,1974,3500.0,25,1.7881892545587956,Low,1.7730496453900708,Very Low,140.0,78.96,56.39999999999999
120207060230820721,Vianor - Platschef till Vianor i Falun - Falun - Boost Auto - Position ID: (52283) - SIMON,Recruitment,Vianor,Chef,Falun,Liten stad,facebook,1,0,0,0,67610,1208,3500.0,27,1.7867179411329683,Low,2.8973509933774833,Low,129.62962962962962,44.74074074074074,34.51428571428571
353589066,421 - Two-Step Advertising - Step 2/2 - Junior Managementkonsult till 421 - Stockholm - Boost - Position ID (56867) - SIMON,Recruitment,421,Konsult,Stockholm,Stor stad,linkedin,0,1,0,0,2599,30,3500.0,25,1.1542901115813775,Low,116.66666666666666,Very High,140.0,1.2,0.8571428571428572
326232724,421 - Two-Step Advertising - Step 2/2 - Managementkonsult till 421 - Stockholm - Boost - Position ID (54812) - SIMON,Recruitment,421,Konsult,Stockholm,Stor stad,linkedin,0,1,0,0,2328,32,3500.0,27,1.3745704467353952,Low,109.375,Very High,129.62962962962962,1.1851851851851851,0.9142857142857144
120217248823880503,Modigo - Two-Step Advertising - Step 2/2 - Specialistläkare inom barn- och ungdomspsykiatri - Lund/Karlshamn - Position ID (59184) - AGNES [20402180684],Recruitment,Modigo,Specialist,Lund,Mellanstor stad,facebook,1,0,0,0,44064,855,3500.0,22,1.9403594771241832,Low,4.093567251461988,Low,159.0909090909091,38.86363636363637,24.428571428571427
120212750563720430,421 - Two-Step Advertising - Step 2/2 - Junior Managementkonsult till 421 - Stockholm - Boost - Position ID (56867) - SIMON,Recruitment,421,Konsult,Stockholm,Stor stad,facebook,1,0,0,0,50060,1941,3499.97,29,3.877347183379944,High,1.8031787738279237,Very Low,120.68862068965517,66.93103448275862,55.45761820815607
120207830160650721,"Vianor - Försäljningschef - Rosersberg, Stockholm - Vianor & Nokian Tyres Boost - Position ID: (52785) - LINNEA",Recruitment,Vianor,Chef,Stockholm,Stor stad,facebook,1,0,0,0,53243,1158,3479.97,13,2.17493379411378,Medium,3.0051554404145078,Low,267.69,89.07692307692308,33.276148932318385
120203176169400602,DEKRA QM - Specialist för Verkstadsprocesser DEKRA Quality Management! - Sverige - Boost Plus - Position ID: (49370) - MOA,Recruitment,DEKRA QM,Specialist,National,Nationell,facebook,1,0,0,0,87280,3854,3432.4142,14,4.415673693858845,High,0.8906108458744161,Very Low,245.17244285714287,275.2857142857143,112.28248618712742
23858598346380025,Carglass - Bilglastekniker till Carglass® Gävle - Gävle - Boost Auto - Position ID: (46917) - LINNEA,Recruitment,Carglass,Tekniker,Gävle,Liten stad,facebook,1,0,0,0,75588,941,3409.1,14,1.2449065989310473,Low,3.622848034006376,Low,243.50714285714284,67.21428571428571,27.60259305975184
120208778680160442,Väg & Miljö - Senior Naturvårdskonsult - Hybrid (HQ Karlstad) - Boost Plus - Position ID (53251) - LINNEA,Recruitment,Väg & Miljö,Konsult,Karlstad,Liten stad,facebook,1,0,0,0,58283,2227,3400.0,15,3.821011272583772,High,1.5267175572519085,Very Low,226.66666666666666,148.46666666666667,65.5
120213435067560592,P&E Fastigheter - Fastighetschef - Kalmar - Boost Plus - Position ID (54415) - LINNEA,Recruitment,P&E Fastigheter,Chef,Kalmar,Liten stad,facebook,1,0,0,0,95480,2897,3372.97,15,3.03414327607876,High,1.164297549188816,Very Low,224.86466666666666,193.13333333333333,85.88869749805067
120200543727480459,Stockholms Sjukhem - Vårdchef Geriatrik - Kungsholmen - Standard Boost - Position ID: (1369) - SIMON,Recruitment,Stockholms Sjukhem,Chef,Stockholm,Stor stad,facebook,1,0,0,0,62293,2513,3360.0,15,4.034161141701315,High,1.3370473537604457,Very Low,224.0,167.53333333333333,74.79166666666667
412608313,"Menigo - Business Controller, chef för controlling and analytics - Stockholm - Menigo Boost - Position ID: (63459) - ELVIRA [26307744008]",Recruitment,Menigo,Chef,Stockholm,Stor stad,linkedin,0,1,0,0,4385,177,3278.0,15,4.036488027366021,High,18.519774011299436,High,218.53333333333333,11.8,5.399633923123856
120228806921990190,Sekelskifte 1900 AB - Junior E-commerce Specialist - Stockholm - Facebook & Instagram Boost - Position ID: (63116) - LEAH [25536838995],Recruitment,Sekelskifte 1900 AB,Specialist,Stockholm,Stor stad,facebook,1,0,0,0,67988,1491,3276.85,14,2.1930340648349707,Medium,2.197753185781355,Low,234.06071428571428,106.5,45.50101469398965
120207282701560390,Kustbostäder - Kustbostäder söker Fastighetsreparatör med inriktning mot VVS - Oxelösund - Boost Plus - Position ID (51658) - MOA,Recruitment,Kustbostäder,,Unknown,Unknown,facebook,1,0,0,0,39006,692,3270.0,15,1.7740860380454289,Low,4.725433526011561,Low,218.0,46.13333333333333,21.162079510703364
e2ba442d-3a85-4ade-bdba-5c7a2a8bb2f8,Hurtigruta Carglass - Bilglasstekniker til vår avdeling Alnabru - Alnabru - Boost Auto - Position ID: (56840) - EDVIN,Recruitment,Hurtigruta Carglass,Tekniker,Unknown,Unknown,snapchat,0,0,1,0,19762,373,3200.0,20,1.887460783321526,Low,8.579088471849866,Medium,160.0,18.65,11.65625
120207160463660234,Syntema - Platschef - Linköping - Boost Plus Video - Position ID (51910) - LINNEA,Recruitment,Syntema,Chef,Linköping,Mellanstor stad,facebook,1,0,0,0,62526,1282,3199.98,22,2.05034705562486,Medium,2.496084243369735,Low,145.45363636363638,58.27272727272727,40.06275039218995
120201896891980731,Wincore - Senior datacenterkonsult - Kungsbacka - Boost Plus - Position ID (49390) - SIMON,Recruitment,Wincore,Konsult,Unknown,Unknown,facebook,1,0,0,0,34331,415,3179.8193,15,1.208820016894352,Low,7.6622151807228915,Medium,211.98795333333334,27.666666666666668,13.051056077306027
120222686591750390,"Vergenta - Vergenta söker managementkonsulter med säkerhetsskyddsbakgrund i Göteborg! - Göteborg, Sverige - Boost Plus - Position ID: (62075) - MOA [23112240251]",Recruitment,Vergenta,Konsult,Göteborg,Stor stad,facebook,1,0,0,0,51421,791,3167.97,22,1.538282024853659,Low,4.005018963337547,Low,143.99863636363636,35.95454545454545,24.968670789180454
120204721307640026,Carglass - Bilglastekniker till Carglass® Kista - Kista - Boost Auto - Position ID: (50453) - AGNES,Recruitment,Carglass,Tekniker,Kista,Liten stad,facebook,1,0,0,0,44734,508,3160.0,13,1.1356015558635488,Low,6.2204724409448815,Medium,243.07692307692307,39.07692307692308,16.075949367088608
120204887425850026,Carglass - Bilglastekniker till Carglass® Karlstad - Karlstad - Boost Auto - Position ID: (50553) - AGNES,Recruitment,Carglass,Tekniker,Karlstad,Liten stad,facebook,1,0,0,0,64047,1265,3160.0,15,1.9751120271050944,Low,2.4980237154150196,Low,210.66666666666666,84.33333333333333,40.03164556962025
120204723538750026,Carglass - Bilglastekniker till Carglass® Uddevalla - Uddevalla - Boost Auto - Position ID: (50460) - AGNES,Recruitment,Carglass,Tekniker,Unknown,Unknown,facebook,1,0,0,0,64939,1307,3160.0,15,2.0126580329232047,Medium,2.4177505738332057,Low,210.66666666666666,87.13333333333334,41.360759493670884
120209249220950592,PTS - Ingenjör inom spektrumförädling - Stockholm - Boost - Job ID: (470) - AGNES,Recruitment,PTS,Ingenjör,Stockholm,Stor stad,facebook,1,0,0,0,94096,1206,3158.0,15,1.2816697840503315,Low,2.618573797678275,Low,210.53333333333333,80.4,38.18872704243192
120208667484840592,PTS - Ingenjör - Stockholm - Boost - Job ID: (473) - AGNES,Recruitment,PTS,Ingenjör,Stockholm,Stor stad,facebook,1,0,0,0,95385,1429,3158.0,15,1.4981391204067724,Low,2.2099370188943315,Low,210.53333333333333,95.26666666666667,45.25015832805573
120211591535480592,PTS - Ingenjör inom spektrumförädling - Stockholm - Boost - Job ID: (498) - LINNEA,Recruitment,PTS,Ingenjör,Stockholm,Stor stad,facebook,1,0,0,0,87852,1309,3157.96,15,1.4900059190456676,Low,2.412498090145149,Low,210.53066666666666,87.26666666666667,41.450810016592996
120206699159670055,Office Network - IT- och telefonitekniker - Stockholm - Säljar Boost - Position ID (33216) - MOA,Recruitment,Office Network,Tekniker,Stockholm,Stor stad,facebook,1,0,0,0,46422,700,3149.96,29,1.5079057343500926,Low,4.499942857142857,Low,108.61931034482758,24.137931034482758,22.22250441275445
120219021177220055,Office Network - Säljare - Stockholm - Office Network Säljar Boost - Position ID: (59056) - SIMON [22212775436],Recruitment,Office Network,Säljare,Stockholm,Stor stad,facebook,1,0,0,0,48380,864,3149.48,20,1.7858619264158744,Low,3.6452314814814817,Low,157.474,43.2,27.4331000673127
23857883908130197,Karolinska - Anestesisjuksköterska till Barnanestesin - Solna - Boost Premium - Position ID: (46804) - MOA,Recruitment,Karolinska,Sjuksköterska,Solna,Liten stad,facebook,1,0,0,0,68264,2022,3132.69,26,2.962029766787765,Medium,1.5493026706231454,Very Low,120.48807692307693,77.76923076923077,64.54516725242523
120212085970510592,Vita Sales - Two-Step Advertising - Step 1/2 - Innesäljare - Uppsala - Position ID (4436465) - SIMON,Recruitment,Vita Sales,Säljare,Uppsala,Mellanstor stad,facebook,1,0,0,0,51255,858,3119.9,30,1.6739830260462392,Low,3.6362470862470864,Low,103.99666666666667,28.6,27.500881438507648
352103613,Uppsala kommun - Avdelningschef för nya avdelningen öppna och tidiga insatser - Uppsala - Boost Plus - Position ID (XXXXX) - LINNEA,Recruitment,Uppsala kommun,Chef,Uppsala,Mellanstor stad,linkedin,0,1,0,0,1531,20,3119.0,15,1.3063357282821684,Low,155.95,Very High,207.93333333333334,1.3333333333333333,0.6412311638345624
120213865872980676,Max Matthiessen - IT-Supporttekniker (Windows) - Stockholm - Boost Plus - Position ID: (56030) - SIMON,Recruitment,Max Matthiessen,Tekniker,Stockholm,Stor stad,facebook,1,0,0,0,65258,1677,3115.0,15,2.5697998712801495,Medium,1.857483601669648,Very Low,207.66666666666666,111.8,53.83627608346709
23862013274620316,SMP Svensk Maskinprovning AB - Certifieringsingenjör - Umeå - Boost Plus - Position ID: (48598) - MOA,Recruitment,SMP Svensk Maskinprovning AB,Ingenjör,Umeå,Mellanstor stad,facebook,1,0,0,0,46754,666,3079.98,19,1.4244770500919708,Low,4.624594594594594,Low,162.1042105263158,35.05263157894737,21.623517035824907
120206553250450592,Vallentuna Kommun - Two-Step Advertising - Step 2/2 - IT Systemtekniker - Vallentuna - Position ID (4686) - LINNEA,Recruitment,Vallentuna Kommun,Tekniker,Unknown,Unknown,facebook,1,0,0,0,88468,2254,3044.99,29,2.5478138988108694,Medium,1.350927240461402,Very Low,104.99965517241378,77.72413793103448,74.02323160338786
120205742199500766,Humlegården - Fastighetstekniker - Solna strand - Boost - Position ID (51527) - MOA,Recruitment,Humlegården,Tekniker,Solna,Liten stad,facebook,1,0,0,0,51919,1156,3000.0,22,2.2265451954005275,Medium,2.5951557093425603,Low,136.36363636363637,52.54545454545455,38.53333333333334
120204624023250772,We Select - Two-Step Advertising - Step 1/2 - B2B-säljare - Stockholm - Position ID (49895) - AMY,Recruitment,We Select,Säljare,Stockholm,Stor stad,facebook,1,0,0,0,31864,1194,3000.0,31,3.7471754958573937,High,2.5125628140703515,Low,96.7741935483871,38.516129032258064,39.800000000000004
328436344,Securitas - Driftchef till Securitas - Sundsvall - LinkedIn Boost - Position ID (55666) - LINNEA,Recruitment,Securitas,Chef,Sundsvall,Liten stad,linkedin,0,1,0,0,811,20,3000.0,15,2.4660912453760786,Medium,150.0,Very High,200.0,1.3333333333333333,0.6666666666666667
23861582513810507,Göteborgs Stad - Sjuksköterska till kommunal hälso- och sjukvård inriktning funktionsstöd - Göteborg - Boost - Website ID: (4E5F8CDDA594) - MOA,Recruitment,Göteborgs Stad,Sjuksköterska,Göteborg,Stor stad,facebook,1,0,0,0,66323,3829,3000.0,15,5.773261161286431,Very High,0.7834943849569078,Very Low,200.0,255.26666666666668,127.63333333333333
120213148598890592,We Construction - Two Step Advertising - Step 2/2 - Platschef till Malmö - Malmö - Position ID (54102) - MOA,Recruitment,We Construction,Chef,Malmö,Stor stad,facebook,1,0,0,0,65994,1147,3000.0,22,1.7380367912234445,Low,2.6155187445510024,Low,136.36363636363637,52.13636363636363,38.233333333333334
120203539181290656,Menigo - Chef Verksamhetsutveckling - Sverige - Menigo Boost - Position ID (51011) - AGNES,Recruitment,Menigo,Chef,National,Nationell,facebook,1,0,0,0,53024,2184,2999.99,21,4.11888955944478,High,1.3736217948717948,Very Low,142.85666666666665,104.0,72.80024266747557
120213148240560592,We Construction - Two Step Advertising - Step 1/2 - Platschef till Malmö - Malmö - Position ID (54102) - MOA,Recruitment,We Construction,Chef,Malmö,Stor stad,facebook,1,0,0,0,38695,782,2999.93,15,2.020932937071973,Medium,3.836227621483376,Low,199.99533333333332,52.13333333333333,26.06727490308107
120217309142090461,Advania - Windows Server Konsult - Umeå  - Boost (Facebook & Instagram) - Uptrail ID: (105203) - SIMON [21567879446],Recruitment,Advania,Konsult,Umeå,Mellanstor stad,facebook,1,0,0,0,56670,864,2999.86,14,1.5246161990471148,Low,3.4720601851851853,Low,214.2757142857143,61.714285714285715,28.80134406272293
120200821484570451,Pure Consulting Group - Konsult javautvecklare - Stockholm - IT Boost - Position ID (48298) - MOA,Recruitment,Pure Consulting Group,Konsult,Stockholm,Stor stad,facebook,1,0,0,0,26921,521,2999.7625,15,1.9352921511088,Low,5.7577015355086365,Medium,199.98416666666665,34.733333333333334,17.368041636629567
397080894,"Skatteverket - HR-specialist inom arbetsrätt - Göteborg, Malmö eller Sundbyberg - Boost Plus - Web ID: () - AGNES [25878359119]",Recruitment,Skatteverket,Specialist,Göteborg,Stor stad,linkedin,0,1,0,0,4007,78,2992.0,32,1.9465934614424756,Low,38.35897435897436,Very High,93.5,2.4375,2.606951871657754
120233788391290397,"Skatteverket - HR-specialist inom arbetsrätt - Göteborg, Malmö eller Sundbyberg - Boost Plus - Web ID: () - AGNES [25878359119]",Recruitment,Skatteverket,Specialist,Göteborg,Stor stad,facebook,1,0,0,0,89231,3906,2991.5,32,4.377402472234985,High,0.7658730158730158,Very Low,93.484375,122.0625,130.5699481865285
120200608805480732,Borga Group - Säljare - Stockholm - Boost Plus - Position ID (48125) - MOA,Recruitment,Borga Group,Säljare,Stockholm,Stor stad,facebook,1,0,0,0,33037,1361,2990.0,15,4.11962345249266,High,2.1969140337986777,Low,199.33333333333334,90.73333333333333,45.51839464882943
120210493924180592,Presis Vägdrift - Platschef - Järna - Boost Plus - Position ID (52766) - AGNES,Recruitment,Presis Vägdrift,Chef,Unknown,Unknown,facebook,1,0,0,0,78731,2235,2985.0,15,2.83878015013146,Medium,1.3355704697986577,Very Low,199.0,149.0,74.87437185929649
120203668389490317,"SMP Svensk Maskinprovning AB - Besiktningsingenjör - Karlskrona, Sverige - Boost Plus - Position ID: (50852) - LINNEA",Recruitment,SMP Svensk Maskinprovning AB,Ingenjör,National,Nationell,facebook,1,0,0,0,89991,1910,2980.0,15,2.122434465668789,Medium,1.5602094240837696,Very Low,198.66666666666666,127.33333333333333,64.09395973154362
120213155671160592,Dramaten - HR-specialist - Stockholm - Boost Plus - Website ID: (1197) - LINNEA,Recruitment,Dramaten,Specialist,Stockholm,Stor stad,facebook,1,0,0,0,86811,2808,2980.0,15,3.234613125064796,High,1.0612535612535612,Very Low,198.66666666666666,187.2,94.2281879194631
120202131553480047,Fabege - Two-Step Advertising - Step 2/2 - Fastighetstekniker - Stockholm - Position ID (50351) - MOA,Recruitment,Fabege,Tekniker,Stockholm,Stor stad,facebook,1,0,0,0,56731,1429,2930.0,21,2.518905007844036,Medium,2.0503848845346395,Low,139.52380952380952,68.04761904761905,48.77133105802048
23861063450270046,Fabege - Two-Step Advertising - Step 2/2 - Driftchef - Stockholm - Position ID (48438) - MOA,Recruitment,Fabege,Chef,Stockholm,Stor stad,facebook,1,0,0,0,42183,1512,2930.0,21,3.5843823341156393,High,1.937830687830688,Very Low,139.52380952380952,72.0,51.60409556313993
23860129423810046,Fabege - Two-Step Advertising - Step 2/2 - Projektchef Anläggning - Stockholm - Position ID (47883) - MOA,Recruitment,Fabege,Chef,Stockholm,Stor stad,facebook,1,0,0,0,59488,1237,2930.0,20,2.079410973641743,Medium,2.3686337914308813,Low,146.5,61.85,42.218430034129696
120229381607170503,Teknos Group - Teknisk Säljare - Remote - Boost Meta + LI Jobs - Web ID: () - SIMON [25971405604],Recruitment,Teknos Group,Tekniker,Unknown,Unknown,facebook,1,0,0,0,78643,2697,2916.0,20,3.4294215632669154,High,1.0812013348164629,Very Low,145.8,134.85,92.48971193415639
120213488976430656,"Menigo - Platschef EKO Fisk - Partihandlarvägen, Årsta, Sweden - Menigo Boost - Position ID: (58634) - SIMON [19498123032]",Recruitment,Menigo,Chef,Unknown,Unknown,facebook,1,0,0,0,56694,1266,2853.9,22,2.2330405333897767,Medium,2.2542654028436018,Low,129.72272727272727,57.54545454545455,44.36034899611058
120204255551830055,Office Network - Säljare - Stockholm - Säljar Boost - Position ID (26757) - LINNEA,Recruitment,Office Network,Säljare,Stockholm,Stor stad,facebook,1,0,0,0,37398,1027,2850.0,29,2.746136157013744,Medium,2.775073028237585,Low,98.27586206896552,35.41379310344828,36.03508771929825
1829365139910689,"1KOMMA5° - Säljare - Göteborg, Malmö, Stockholm - Snap, Tiktok, Indeed - Web ID: () - AGNES [22095061605]",Recruitment,1KOMMA5°,Säljare,Stockholm,Stor stad,tiktok,0,0,0,1,214678,1217,2849.19,15,0.5668955365710505,Very Low,2.3411585866885782,Low,189.946,81.13333333333334,42.713894124294974
120229272662770190,Sekelskifte 1900 AB - Creative Marketing Specialist - Stockholm - Facebook & Instagram Boost - Position ID: (63274) - AGNES [25801388298],Recruitment,Sekelskifte 1900 AB,Specialist,Stockholm,Stor stad,facebook,1,0,0,0,62908,2800,2837.63,15,4.4509442360272145,High,1.0134392857142855,Very Low,189.17533333333333,186.66666666666666,98.6738933546657
120200944265940406,Office Depot - Butikschef till Office Depot i Täby - Täby - Boost - Position ID (47303) - MOA,Recruitment,Office Depot,Chef,Täby,Liten stad,facebook,1,0,0,0,36530,688,2826.0,15,1.8833835203941964,Low,4.107558139534884,Low,188.4,45.86666666666667,24.34536447275301
23859095014380405,Office Depot - Butikschef till Office Depot i Täby - Stockholm - Boost - Position ID (47303) - AGNES,Recruitment,Office Depot,Chef,Stockholm,Stor stad,facebook,1,0,0,0,55970,1059,2826.0,15,1.8920850455601217,Low,2.6685552407932014,Low,188.4,70.6,37.47346072186836
120200616637010406,Office Depot - Butikssäljare till Office Depot i centrala Stockholm - Stockholm - Boost - Position ID (48618) - AGNES,Recruitment,Office Depot,Säljare,Stockholm,Stor stad,facebook,1,0,0,0,39693,1503,2826.0,15,3.786561862293099,High,1.880239520958084,Very Low,188.4,100.2,53.18471337579618
120200757134460406,Office Depot - Butikssäljare till Office Depot i Karlstad - Karlstad - Boost - Position ID (48652) - SIMON,Recruitment,Office Depot,Säljare,Karlstad,Liten stad,facebook,1,0,0,0,51208,2118,2825.99,15,4.136072488673645,High,1.3342728989612842,Very Low,188.39933333333332,141.2,74.94718664963429
120200428159770198,"Karolinska - Sjuksköterska till Högspecialiserad Barnmedicin, Huddinge - Huddinge - Boost + LinkedIn Jobs - Position ID: (48341) - SIMON",Recruitment,Karolinska,Sjuksköterska,Huddinge,Liten stad,facebook,1,0,0,0,50651,689,2800.0,15,1.360289036741624,Low,4.063860667634253,Low,186.66666666666666,45.93333333333333,24.607142857142858
120215206744030592,Sigma Industry - Konsultchef inom Mjukvaru- och Systemutveckling - Stockholm - Rekryteringskampanj - Uptrail ID (XXXX) - LINNEA,Recruitment,Sigma Industry,Chef,Stockholm,Stor stad,facebook,1,0,0,0,69220,1287,2800.0,28,1.859289222767986,Low,2.1756021756021755,Low,100.0,45.964285714285715,45.964285714285715
3d6bcd60-93a1-4db2-8f56-76ae54801a03,Ravema - Applikationstekniker - Värnamo med omnejd - Boost - Position ID (57372) - LINNEA,Recruitment,Ravema,Tekniker,Unknown,Unknown,snapchat,0,0,1,0,39329,832,2782.0,29,2.115487299448244,Medium,3.34375,Low,95.93103448275862,28.689655172413794,29.906542056074763
120214654051760380,Ravema - Applikationstekniker - Värnamo med omnejd - Boost - Position ID (57372) - LINNEA,Recruitment,Ravema,Tekniker,Unknown,Unknown,facebook,1,0,0,0,68085,1554,2781.89,29,2.282441066314166,Medium,1.7901480051480052,Very Low,95.92724137931035,53.58620689655172,55.86130292714665
120208031867920592,Behaviour Design Group - Arbetsmiljökonsult - Stockholm - Boost Plus - Position ID (51543) - LINNEA,Recruitment,Behaviour Design Group,Konsult,Stockholm,Stor stad,facebook,1,0,0,0,57662,1321,2780.0,15,2.2909368388193263,Medium,2.10446631339894,Low,185.33333333333334,88.06666666666666,47.517985611510795
120206660375920358,Kartverkstan - Junior Mätningstekniker - Stockholm - Boost Plus - Position ID (52799) - LINNEA,Recruitment,Kartverkstan,Tekniker,Stockholm,Stor stad,facebook,1,0,0,0,52673,1176,2780.0,15,2.2326429100298064,Medium,2.3639455782312924,Low,185.33333333333334,78.4,42.302158273381295
120204904652280592,IHM - Säljare - Stockholm - Boost Plus - Website ID (49038) - LINNEA,Recruitment,IHM,Säljare,Stockholm,Stor stad,facebook,1,0,0,0,77137,1186,2780.0,15,1.5375241453517767,Low,2.344013490725126,Low,185.33333333333334,79.06666666666666,42.66187050359712
120216677644450503,SRV återvinning AB -  Ekonomichef - Huddinge - Boost Auto - Uptrail ID: (99634) - EDVIN [20070220149],Recruitment,SRV återvinning AB,Chef,Huddinge,Liten stad,facebook,1,0,0,0,65087,1010,2764.95,15,1.551769170494876,Low,2.7375742574257425,Low,184.32999999999998,67.33333333333333,36.528689488055846
120222664870500685,Maxkompetens - Säljare med erfarenhet inom väg-och anläggning till Wirtgen Group - Växjö - Bas (Facebook & Instagram) - Web ID: () - SIMON [23933420398],Recruitment,Maxkompetens,Säljare,Växjö,Liten stad,facebook,1,0,0,0,58830,884,2763.83,15,1.50263471018188,Low,3.1265045248868777,Low,184.25533333333334,58.93333333333333,31.984601078937562
120216441461530503,PTS - Ingenjör - Stockholm - Boost - Job ID: (561) - SIMON,Recruitment,PTS,Ingenjör,Stockholm,Stor stad,facebook,1,0,0,0,76532,2415,2762.9,15,3.155542779490932,High,1.1440579710144927,Very Low,184.19333333333333,161.0,87.4081580947555
120217834726220503,PTS - Ingenjör - Stockholm - Boost - Web ID: () - AGNES [20763676687],Recruitment,PTS,Ingenjör,Stockholm,Stor stad,facebook,1,0,0,0,65242,1519,2762.77,15,2.328254805186843,Medium,1.8188084265964448,Very Low,184.18466666666666,101.26666666666667,54.98105162572345
120200429503010278,ISG Nordic - Two-Step Advertising - Step 2/2 - Systemtekniker - Västernorrland - Position ID (47284) - MOA,Recruitment,ISG Nordic,Tekniker,Unknown,Unknown,facebook,1,0,0,0,41778,763,2730.0,24,1.8263200727655704,Low,3.5779816513761467,Low,113.75,31.791666666666668,27.94871794871795
7d39aed0-62e5-4a3d-832b-0b67d181f12f,Hurtigruta Carglass - Bilglasstekniker - Kristiansund - Boost Auto - Position ID: (56809) - EDVIN,Recruitment,Hurtigruta Carglass,Tekniker,Unknown,Unknown,snapchat,0,0,1,0,19038,377,2725.0,15,1.9802500262632627,Low,7.228116710875331,Medium,181.66666666666666,25.133333333333333,13.8348623853211
ba758dba-8a14-4fb5-8f05-a084b8fe2b1b,Hurtigruta Carglass - Bilglasstekniker - Sandefjord - Boost Auto - Position ID: (57123) - AGNES,Recruitment,Hurtigruta Carglass,Tekniker,Unknown,Unknown,snapchat,0,0,1,0,17966,349,2725.0,14,1.9425581654235775,Low,7.808022922636102,Medium,194.64285714285714,24.928571428571427,12.807339449541285
0df9024c-69d5-4d4d-a9b8-92cd59c61c93,Hurtigruta Carglass - Bilglassteknikere til Oslo Nord! - Lillestrøm - Boost Auto - Position ID: (57304) - EDVIN,Recruitment,Hurtigruta Carglass,Tekniker,Unknown,Unknown,snapchat,0,0,1,0,17463,277,2725.0,15,1.586210845788238,Low,9.83754512635379,Medium,181.66666666666666,18.466666666666665,10.165137614678898
120213611156240026,Carglass - Bilglastekniker till Carglass® Malmö - Malmö - Boost Auto - Position ID: (56811) - EDVIN,Recruitment,Carglass,Tekniker,Malmö,Stor stad,facebook,1,0,0,0,31588,739,2724.99,15,2.339496011143472,Medium,3.687401894451962,Low,181.666,49.266666666666666,27.119365575653493
120213610568580026,Carglass - Bilglastekniker - Ystad - Boost Auto - Position ID: (56810) - EDVIN,Recruitment,Carglass,Tekniker,Unknown,Unknown,facebook,1,0,0,0,39956,1234,2724.89,15,3.088397236960657,High,2.2081766612641816,Low,181.65933333333334,82.26666666666667,45.28623173779492
120212611221790026,Carglass - Bilglastekniker till Carglass® Uddevalla - Uddevalla - Boost Auto - Position ID: (55882) - AGNES,Recruitment,Carglass,Tekniker,Unknown,Unknown,facebook,1,0,0,0,43539,938,2724.71,15,2.1543903167275316,Medium,2.9048081023454158,Low,181.64733333333334,62.53333333333333,34.42568199918523
2176bf0e-67a1-4a78-b5f9-2fa98a170645,Hurtigruta Carglass - Bilglassteknikere - Moss - Boost Auto - Position ID: (57293) - EDVIN,Recruitment,Hurtigruta Carglass,Tekniker,Unknown,Unknown,snapchat,0,0,1,0,15330,286,2724.63,15,1.8656229615133724,Low,9.52667832167832,Medium,181.642,19.066666666666666,10.496838102788269
120213526749140026,Carglass - Bilglastekniker till Carglass® Luleå - Luleå - Boost Auto - Position ID: (56701) - EDVIN,Recruitment,Carglass,Tekniker,Luleå,Liten stad,facebook,1,0,0,0,28940,602,2724.43,15,2.0801658604008293,Medium,4.52563122923588,Low,181.62866666666665,40.13333333333333,22.096365111234277
120213611271360026,Carglass - Bilglastekniker till Carglass® Landskrona - Landskrona - Boost Auto - Position ID: (56812) - EDVIN,Recruitment,Carglass,Tekniker,Unknown,Unknown,facebook,1,0,0,0,31907,679,2724.08,15,2.128059673425894,Medium,4.0118998527245955,Low,181.60533333333333,45.266666666666666,24.925846524331153
120207221204050007,Rusta - Hållbarhetskoordinator - Upplands Väsby - Boost Auto Utökad - Position ID (51234) - SIMON,Recruitment,Rusta,Koordinator,Unknown,Unknown,facebook,1,0,0,0,56795,1047,2700.0,5,1.8434721366317457,Low,2.5787965616045843,Low,540.0,209.4,38.77777777777778
120200209104890007,Rusta - Nu söker vi på Rusta en Category Manager till Home Furnishing & Accessories! - Upplands Väsby - Boost Auto - Position ID (48000) - MOA,Recruitment,Rusta,Chef,Unknown,Unknown,facebook,1,0,0,0,64352,1795,2700.0,12,2.789346096469418,Medium,1.504178272980501,Very Low,225.0,149.58333333333334,66.48148148148148
120207588454400007,Rusta - Systemkoordinator och funktionsspecialist till vår globala försäljningsavdelning - Upplands Väsby - Boost Auto Utökad - Position ID (51692) - SIMON,Recruitment,Rusta,Säljare,Unknown,Unknown,facebook,1,0,0,0,47527,759,2700.0,14,1.5969869758242683,Low,3.5573122529644268,Low,192.85714285714286,54.214285714285715,28.111111111111107
120204927123750089,RCD Bil - Säljare/Anläggningschef - Stockholm - Boost Plus - Position ID (51007) - MOA,Recruitment,RCD Bil,Chef,Stockholm,Stor stad,facebook,1,0,0,0,50386,1998,2700.0,31,3.96538721073314,High,1.351351351351351,Very Low,87.09677419354838,64.45161290322581,74.0
120210836968750007,Rusta - Kemikaliespecialist - Upplands Väsby - Boost Auto Utökad - Position ID (53171) - AGNES,Recruitment,Rusta,Specialist,Unknown,Unknown,facebook,1,0,0,0,55761,1249,2700.0,10,2.2399167877190154,Medium,2.1617293835068057,Low,270.0,124.9,46.25925925925926
120206341191280007,"Rusta - Vikariat - Förpackningskoordinator - Upplands Väsby, Sweden - Boost Auto Utökad - Position ID (50675) - LINNEA",Recruitment,Rusta,Koordinator,Unknown,Unknown,facebook,1,0,0,0,64119,2361,2700.0,15,3.6822158798484064,High,1.1435832274459974,Very Low,180.0,157.4,87.44444444444444
120202139553530007,Rusta - Plastic Material & Substances Specialist - Upplands Väsby - Boost Auto - Position ID (49204) - AGNES,Recruitment,Rusta,Specialist,Unknown,Unknown,facebook,1,0,0,0,29907,759,2700.0,15,2.537867388905607,Medium,3.5573122529644268,Low,180.0,50.6,28.111111111111107
120206710758620558,Cabonline - Flygtaxikoordinator - Huvudsta - Facebook & Instagram Boost  - Position ID (51290) - MOA,Recruitment,Cabonline,Koordinator,Unknown,Unknown,facebook,1,0,0,0,45070,1910,2700.0,15,4.2378522298646555,High,1.413612565445026,Very Low,180.0,127.33333333333333,70.74074074074073
120206582452180007,Rusta - Store Investment Specialist - Upplands Väsby - Boost Auto Utökad - Position ID (51081) - MOA,Recruitment,Rusta,Specialist,Unknown,Unknown,facebook,1,0,0,0,64139,1863,2699.98,15,2.9046290088713578,Medium,1.4492646269457865,Very Low,179.99866666666668,124.2,69.00051111489715
120207854811210007,Rusta - Process- & Systemspecialist till Supply Operations Development - Upplands Väsby - Boost Auto Utökad - Position ID (51849) - AGNES,Recruitment,Rusta,Specialist,Unknown,Unknown,facebook,1,0,0,0,48278,676,2699.96,15,1.400223704378806,Low,3.994023668639053,Low,179.99733333333333,45.06666666666667,25.037407961599428
330035483,P&E Fastigheter - Fastighetstekniker - Linköping - Boost Plus - Position ID (55282) - AGNES,Recruitment,P&E Fastigheter,Tekniker,Linköping,Mellanstor stad,linkedin,0,1,0,0,2513,22,2685.0,22,0.8754476721050537,Very Low,122.04545454545455,Very High,122.04545454545455,1.0,0.819366852886406
120214791089300592,P&E Fastigheter - Fastighetstekniker - Linköping - Boost Plus - Position ID (55282) - AGNES,Recruitment,P&E Fastigheter,Tekniker,Linköping,Mellanstor stad,facebook,1,0,0,0,61676,1956,2684.96,22,3.17141189441598,High,1.3726789366053167,Very Low,122.04363636363637,88.9090909090909,72.85024730349801
23858425418570025,Carglass - Bilglastekniker till Carglass® Avesta - Avesta - Boost Auto - Position ID: (47152) - MOA,Recruitment,Carglass,Tekniker,Unknown,Unknown,facebook,1,0,0,0,78747,999,2682.01,11,1.2686197569431217,Low,2.6846946946946946,Low,243.81909090909093,90.81818181818181,37.24818326553592
120211593601790606,Lindex - Butikschef till Lindex - Skövde - Boost - Website ID: (3390529) - LINNEA,Recruitment,Lindex,Chef,Skövde,Liten stad,facebook,1,0,0,0,86742,4025,2676.4574,15,4.640197366904153,High,0.6649583602484472,Very Low,178.43049333333332,268.3333333333333,150.3853564043276
120205180412010406,Office Depot - Butikschef till Office Depot i Stenungsund - Stenungsund - Boost - Position ID (51038) - MOA,Recruitment,Office Depot,Chef,Unknown,Unknown,facebook,1,0,0,0,54025,1508,2676.0,15,2.791300323924109,Medium,1.7745358090185677,Very Low,178.4,100.53333333333333,56.35276532137519
120210522743850778,"Bilprovningen - Besiktningstekniker - Berga, Helsingborg - Boost - Position ID (53694) - LINNEA",Recruitment,Bilprovningen,Tekniker,Helsingborg,Mellanstor stad,facebook,1,0,0,0,64779,1705,2670.0,15,2.6320258108337575,Medium,1.565982404692082,Very Low,178.0,113.66666666666667,63.857677902621724
120208215527440289,Atlas Copco Industrial - Projekttekniker - Göteborg - Facebook & Instagram Boost - Position ID: (53168) - SIMON,Recruitment,Atlas Copco Industrial,Tekniker,Göteborg,Stor stad,facebook,1,0,0,0,48663,648,2670.0,15,1.3316071758831145,Low,4.12037037037037,Low,178.0,43.2,24.269662921348313
120208658278600498,Kronfågel - Säljare – Distrikt Stockholm - Stockholm - Boost - Position ID: (53206) - LINNEA,Recruitment,Kronfågel,Säljare,Stockholm,Stor stad,facebook,1,0,0,0,53760,2635,2670.0,15,4.901413690476191,High,1.0132827324478177,Very Low,178.0,175.66666666666666,98.68913857677903
120202876607680606,Lindex - Butikschef till Lindex - Borlänge - Boost - Website ID: (3270857) - AGNES,Recruitment,Lindex,Chef,Borlänge,Liten stad,facebook,1,0,0,0,84487,3387,2670.0,15,4.0089007776344285,High,0.7883082373782108,Very Low,178.0,225.8,126.85393258426967
120206655924980459,Stockholms Sjukhem - Sjuksköterska till geriatriken Kungsholmen - Kungsholmen - Standard Boost - Position ID: (1415) - AGNES,Recruitment,Stockholms Sjukhem,Sjuksköterska,Stockholm,Stor stad,facebook,1,0,0,0,51181,986,2670.0,15,1.9264961606846287,Low,2.707910750507099,Low,178.0,65.73333333333333,36.92883895131086
120206948017870289,Atlas Copco Industrial - Global Mobility & Compensation and Benefit Specialist - Stockholm - Boost - Position ID: (52478) - LINNEA,Recruitment,Atlas Copco Industrial,Specialist,Stockholm,Stor stad,facebook,1,0,0,0,54195,453,2670.0,15,0.8358704677553279,Very Low,5.894039735099337,Medium,178.0,30.2,16.96629213483146
120207940395260062,Dufry Sverige  - HMSHost söker Restaurangbiträden - Stockholm Arlanda - Boost - Position ID: (49219) - MOA,Recruitment,Dufry Sverige,,Stockholm,Stor stad,facebook,1,0,0,0,40818,1081,2670.0,15,2.648341418001862,Medium,2.4699352451433856,Low,178.0,72.06666666666666,40.48689138576779
120201447041880062,Dufry Sverige  - HMSHost söker heltidspersonal till 60 Bar & Brewery till Arlanda - Stockholm Arlanda - Boost - Position ID: (48483) - MOA,Recruitment,Dufry Sverige,,Stockholm,Stor stad,facebook,1,0,0,0,41180,1448,2670.0,15,3.516270033997086,High,1.8439226519337015,Very Low,178.0,96.53333333333333,54.232209737827716
120204324431110606,Lindex - Säljare till Lindex - Gällivare - Boost - Website ID: (3292475) - MOA,Recruitment,Lindex,Säljare,Unknown,Unknown,facebook,1,0,0,0,62866,1210,2670.0,15,1.9247287882162056,Low,2.2066115702479334,Low,178.0,80.66666666666667,45.31835205992509
120200900600410459,Stockholms Sjukhem - Specialistsjuksköterska till geriatrik Bromma - Bromma - Standard Boost - Position ID: (48933) - AGNES,Recruitment,Stockholms Sjukhem,Sjuksköterska,Stockholm,Stor stad,facebook,1,0,0,0,37350,1388,2670.0,15,3.71619812583668,High,1.9236311239193085,Very Low,178.0,92.53333333333333,51.98501872659176
120208793352200606,Lindex - Säljare till Lindex - Kiruna - Boost - Website ID: (3343393) - AGNES,Recruitment,Lindex,Säljare,Unknown,Unknown,facebook,1,0,0,0,52605,910,2670.0,15,1.7298735861610113,Low,2.934065934065934,Low,178.0,60.666666666666664,34.08239700374532
120206228370940459,Stockholms Sjukhem - Nattsjuksköterska till geriatriken Kungsholmen - Kungsholmen - Standard Boost - Position ID: (1415) - SIMON,Recruitment,Stockholms Sjukhem,Sjuksköterska,Stockholm,Stor stad,facebook,1,0,0,0,56963,1345,2670.0,15,2.3611818197777503,Medium,1.9851301115241635,Very Low,178.0,89.66666666666667,50.37453183520599
